{
    "id": "kca://work/amzn1.gr.work.v1.711BH0_Kq4Q_C2x1SVPj4g",
    "__typename": "Work",
    "legacyId": 881821,
    "bestBook": {
        "__ref": "Book:kca://book/amzn1.gr.book.v1.Hp6WMuE30Flu14jHF0TQEw"
    },
    "choiceAwards": [],
    "details": {
        "__typename": "WorkDetails",
        "webUrl": "https://www.goodreads.com/work/881821-the-last-kingdom",
        "shelvesUrl": "https://www.goodreads.com/work/shelves/881821-the-last-kingdom",
        "publicationTime": 1072944000000,
        "originalTitle": "The Last Kingdom",
        "awardsWon": [],
        "places": [
            {
                "__typename": "Places",
                "name": "England",
                "countryName": null,
                "webUrl": "https://www.goodreads.com/places/853-england",
                "year": null
            }
        ],
        "characters": [
            {
                "__typename": "Character",
                "name": "Alfred the Great",
                "webUrl": "https://www.goodreads.com/characters/31622-alfred-the-great"
            },
            {
                "__typename": "Character",
                "name": "Guthrum the Dane",
                "webUrl": "https://www.goodreads.com/characters/82395-guthrum-the-dane"
            },
            {
                "__typename": "Character",
                "name": "Uhtred of Bebbanburg",
                "webUrl": "https://www.goodreads.com/characters/87030-uhtred-of-bebbanburg"
            },
            {
                "__typename": "Character",
                "name": "Ubba Ragnarsson",
                "webUrl": "https://www.goodreads.com/characters/955090-ubba-ragnarsson"
            },
            {
                "__typename": "Character",
                "name": "Ivar the Boneless",
                "webUrl": "https://www.goodreads.com/characters/955091-ivar-the-boneless"
            },
            {
                "__typename": "Character",
                "name": "Halfdan Ragnarsson",
                "webUrl": "https://www.goodreads.com/characters/955092-halfdan-ragnarsson"
            },
            {
                "__typename": "Character",
                "name": "Aethelwulf (King of Wessex)",
                "webUrl": "https://www.goodreads.com/characters/1058390-aethelwulf-king-of-wessex"
            },
            {
                "__typename": "Character",
                "name": "Odda, Ealdorman of Devon",
                "webUrl": "https://www.goodreads.com/characters/1058391-odda-ealdorman-of-devon"
            },
            {
                "__typename": "Character",
                "name": "Bagsecg",
                "webUrl": "https://www.goodreads.com/characters/1058392-bagsecg"
            },
            {
                "__typename": "Character",
                "name": "Edmund the Martyr",
                "webUrl": "https://www.goodreads.com/characters/1058393-edmund-the-martyr"
            },
            {
                "__typename": "Character",
                "name": "Asser",
                "webUrl": "https://www.goodreads.com/characters/1058489-asser"
            }
        ]
    },
    "stats": {
        "__typename": "BookOrWorkStats",
        "averageRating": 4.27,
        "ratingsCount": 105961,
        "ratingsCountDist": [
            848,
            2186,
            13304,
            41009,
            48614
        ],
        "textReviewsCount": 6010,
        "textReviewsLanguageCounts": [
            {
                "__typename": "TextReviewLanguageCount",
                "count": 5353,
                "isoLanguageCode": "en"
            },
            {
                "__typename": "TextReviewLanguageCount",
                "count": 3,
                "isoLanguageCode": "ru"
            },
            {
                "__typename": "TextReviewLanguageCount",
                "count": 3,
                "isoLanguageCode": "el"
            },
            {
                "__typename": "TextReviewLanguageCount",
                "count": 28,
                "isoLanguageCode": "pl"
            },
            {
                "__typename": "TextReviewLanguageCount",
                "count": 27,
                "isoLanguageCode": "uk"
            },
            {
                "__typename": "TextReviewLanguageCount",
                "count": 158,
                "isoLanguageCode": "es"
            },
            {
                "__typename": "TextReviewLanguageCount",
                "count": 3,
                "isoLanguageCode": "fa"
            },
            {
                "__typename": "TextReviewLanguageCount",
                "count": 10,
                "isoLanguageCode": "nl"
            },
            {
                "__typename": "TextReviewLanguageCount",
                "count": 5,
                "isoLanguageCode": "no"
            },
            {
                "__typename": "TextReviewLanguageCount",
                "count": 81,
                "isoLanguageCode": "pt"
            },
            {
                "__typename": "TextReviewLanguageCount",
                "count": 11,
                "isoLanguageCode": "fr"
            },
            {
                "__typename": "TextReviewLanguageCount",
                "count": 10,
                "isoLanguageCode": "fi"
            },
            {
                "__typename": "TextReviewLanguageCount",
                "count": 4,
                "isoLanguageCode": "ca"
            },
            {
                "__typename": "TextReviewLanguageCount",
                "count": 1,
                "isoLanguageCode": "gl"
            },
            {
                "__typename": "TextReviewLanguageCount",
                "count": 5,
                "isoLanguageCode": "sv"
            },
            {
                "__typename": "TextReviewLanguageCount",
                "count": 8,
                "isoLanguageCode": "bg"
            },
            {
                "__typename": "TextReviewLanguageCount",
                "count": 6,
                "isoLanguageCode": "cs"
            },
            {
                "__typename": "TextReviewLanguageCount",
                "count": 3,
                "isoLanguageCode": "sk"
            },
            {
                "__typename": "TextReviewLanguageCount",
                "count": 31,
                "isoLanguageCode": "de"
            },
            {
                "__typename": "TextReviewLanguageCount",
                "count": 7,
                "isoLanguageCode": "da"
            },
            {
                "__typename": "TextReviewLanguageCount",
                "count": 26,
                "isoLanguageCode": "it"
            },
            {
                "__typename": "TextReviewLanguageCount",
                "count": 5,
                "isoLanguageCode": "ro"
            },
            {
                "__typename": "TextReviewLanguageCount",
                "count": 2,
                "isoLanguageCode": "hu"
            },
            {
                "__typename": "TextReviewLanguageCount",
                "count": 1,
                "isoLanguageCode": "et"
            },
            {
                "__typename": "TextReviewLanguageCount",
                "count": 7,
                "isoLanguageCode": "tr"
            },
            {
                "__typename": "TextReviewLanguageCount",
                "count": 1,
                "isoLanguageCode": "lv"
            },
            {
                "__typename": "TextReviewLanguageCount",
                "count": 1,
                "isoLanguageCode": "is"
            },
            {
                "__typename": "TextReviewLanguageCount",
                "count": 1,
                "isoLanguageCode": "eu"
            }
        ]
    },
    "quotes({\"pagination\":{\"limit\":1}})": {
        "__typename": "ResourceQuotesConnection",
        "webUrl": "https://www.goodreads.com/work/quotes/881821",
        "totalCount": 101
    },
    "questions({\"pagination\":{\"limit\":1}})": {
        "__typename": "ResourceQuestionsConnection",
        "totalCount": 22,
        "webUrl": "https://www.goodreads.com/book/68527/questions"
    },
    "topics({\"pagination\":{\"limit\":1}})": {
        "__typename": "ResourceTopicsConnection",
        "webUrl": "https://www.goodreads.com/topic/list_book/68527",
        "totalCount": 40
    },
    "viewerShelvings": [],
    "viewerShelvingsUrl": "/review/user_works/881821",
    "featuredKNH": {
        "__typename": "FeaturedKNHCollectionConnection",
        "totalCount": 0,
        "edges": []
    },
    "giveaways": null,
    "editions": {
        "__typename": "BooksConnection",
        "webUrl": "https://www.goodreads.com/work/editions/881821"
    }
}