{
    "id": "kca://author/amzn1.gr.author.v1.JMQG8LBcu5Eg-bnT5J3MHg",
    "__typename": "Contributor",
    "legacyId": 119121,
    "name": "Conn Iggulden",
    "description": "<i>Also publishes under author name <a href=\"https://www.goodreads.com/author/show/16155974.C_F__Iggulden\" title=\"C.F. Iggulden\" rel=\"nofollow noopener\">C.F. Iggulden</a>.</i><br /><br />I was born in the normal way in 1971, and vaguely remember half-pennies and sixpences. I have written for as long as I can remember: poetry, short stories and novels. It\u2019s what I always wanted to do and read English at London University with writing in mind. I taught English for seven years and was Head of English at St. Gregory\u2019s RC High School in London by the end of that period. I have enormous respect for those who still labour at the chalk-face. In truth, I can\u2019t find it in me to miss the grind of paperwork and initiatives. I do miss the camaraderie of the smokers\u2019 room, as well as the lessons where their faces lit up as they understood what I was wittering on about.<br /><br />My mother is Irish and from an early age she told me history as an exciting series of stories \u2013 with dates. My great-grandfather was a Seannachie, so I suppose story-telling is in the genes somewhere. My father flew in Bomber Command in WWII, then taught maths and science. Perhaps crucially, he also loved poetry and cracking good tales. Though it seems a dated idea now, I began teaching when boys were told only girls were good at English, despite the great names that must spring to mind after that statement. My father loved working with wood and equations, but he also recited \u2018Vitai Lampada\u2019 with a gleam in his eye and that matters, frankly.<br /><br />I\u2019ve always loved historical fiction as a genre and cut my teeth on Hornblower and Tai-Pan, Flashman, Sharpe and Jack Aubrey. I still remember the sheer joy of reading my first Patrick O\u2019Brian book and discovering there were nineteen more in the series. I love just about anything by David Gemmell, or Peter F. Hamilton or Wilbur Smith. I suppose the one thing that links all those is the love of a good tale.<br /><br />That\u2019s about it for the moment. If you\u2019d like to get in touch with me leave a comment in the forum or you can tweet me @Conn_Iggulden. I\u2019ll leave it there for the moment. If you\u2019ve read my books, you know an awful lot about the way I think already. There\u2019s no point overdoing it.<br /><br />Conn Iggulden<br />",
    "isGrAuthor": false,
    "works": {
        "__typename": "ContributorWorksConnection",
        "totalCount": 114
    },
    "profileImageUrl": "https://i.gr-assets.com/images/S/compressed.photo.goodreads.com/authors/1235073163i/119121._UX200_CR0,51,200,200_.jpg",
    "webUrl": "https://www.goodreads.com/author/show/119121.Conn_Iggulden",
    "user": null,
    "viewerIsFollowing": null,
    "followers": {
        "__typename": "ContributorFollowersConnection",
        "totalCount": 5683
    }
}