{
    "id": "kca://work/amzn1.gr.work.v1.9myoAJtA9y2GKUbFL8_NdA",
    "__typename": "Work",
    "legacyId": 53108224,
    "bestBook": {
        "__ref": "Book:kca://book/amzn1.gr.book.v1.PZ7zWYni1YdzqKdWYGLNzQ"
    },
    "choiceAwards": [],
    "details": {
        "__typename": "WorkDetails",
        "webUrl": "https://www.goodreads.com/work/53108224-the-abbot-s-tale",
        "shelvesUrl": "https://www.goodreads.com/work/shelves/53108224-the-abbot-s-tale",
        "publicationTime": 1498546800000,
        "originalTitle": "",
        "awardsWon": [],
        "places": [
            {
                "__typename": "Places",
                "name": "Britain",
                "countryName": null,
                "webUrl": "https://www.goodreads.com/places/2223-britain",
                "year": null
            }
        ],
        "characters": []
    },
    "stats": {
        "__typename": "BookOrWorkStats",
        "averageRating": 4.05,
        "ratingsCount": 4718,
        "ratingsCountDist": [
            55,
            160,
            885,
            2011,
            1607
        ],
        "textReviewsCount": 504,
        "textReviewsLanguageCounts": [
            {
                "__typename": "TextReviewLanguageCount",
                "count": 489,
                "isoLanguageCode": "en"
            },
            {
                "__typename": "TextReviewLanguageCount",
                "count": 3,
                "isoLanguageCode": "it"
            },
            {
                "__typename": "TextReviewLanguageCount",
                "count": 1,
                "isoLanguageCode": "cs"
            },
            {
                "__typename": "TextReviewLanguageCount",
                "count": 1,
                "isoLanguageCode": "ar"
            },
            {
                "__typename": "TextReviewLanguageCount",
                "count": 2,
                "isoLanguageCode": "pt"
            },
            {
                "__typename": "TextReviewLanguageCount",
                "count": 1,
                "isoLanguageCode": "sv"
            },
            {
                "__typename": "TextReviewLanguageCount",
                "count": 1,
                "isoLanguageCode": "de"
            }
        ]
    },
    "quotes({\"pagination\":{\"limit\":1}})": {
        "__typename": "ResourceQuotesConnection",
        "webUrl": "https://www.goodreads.com/work/quotes/53108224",
        "totalCount": 9
    },
    "questions({\"pagination\":{\"limit\":1}})": {
        "__typename": "ResourceQuestionsConnection",
        "totalCount": 6,
        "webUrl": "https://www.goodreads.com/book/36327062/questions"
    },
    "topics({\"pagination\":{\"limit\":1}})": {
        "__typename": "ResourceTopicsConnection",
        "webUrl": "https://www.goodreads.com/topic/list_book/36327062",
        "totalCount": 3
    },
    "viewerShelvings": [],
    "viewerShelvingsUrl": "/review/user_works/53108224",
    "featuredKNH": {
        "__typename": "FeaturedKNHCollectionConnection",
        "totalCount": 0,
        "edges": []
    },
    "giveaways": null,
    "editions": {
        "__typename": "BooksConnection",
        "webUrl": "https://www.goodreads.com/work/editions/53108224"
    }
}