{
    "id": "kca://work/amzn1.gr.work.v1.gegm8uVBFoQWNzA52ZPOMA",
    "__typename": "Work",
    "legacyId": 24989806,
    "bestBook": {
        "__ref": "Book:kca://book/amzn1.gr.book.v1.v9PPGOqNZmZhyuqE0FXDFg"
    },
    "choiceAwards": [],
    "details": {
        "__typename": "WorkDetails",
        "webUrl": "https://www.goodreads.com/work/24989806-the-pagan-lord",
        "shelvesUrl": "https://www.goodreads.com/work/shelves/24989806-the-pagan-lord",
        "publicationTime": 1380178800000,
        "originalTitle": "The Pagan Lord",
        "awardsWon": [],
        "places": [],
        "characters": [
            {
                "__typename": "Character",
                "name": "Aethelflaed",
                "webUrl": "https://www.goodreads.com/characters/65863-aethelflaed"
            },
            {
                "__typename": "Character",
                "name": "Uhtred of Bebbanburg",
                "webUrl": "https://www.goodreads.com/characters/87030-uhtred-of-bebbanburg"
            }
        ]
    },
    "stats": {
        "__typename": "BookOrWorkStats",
        "averageRating": 4.36,
        "ratingsCount": 29114,
        "ratingsCountDist": [
            133,
            317,
            2850,
            11387,
            14427
        ],
        "textReviewsCount": 1410,
        "textReviewsLanguageCounts": [
            {
                "__typename": "TextReviewLanguageCount",
                "count": 1283,
                "isoLanguageCode": "en"
            },
            {
                "__typename": "TextReviewLanguageCount",
                "count": 20,
                "isoLanguageCode": "pt"
            },
            {
                "__typename": "TextReviewLanguageCount",
                "count": 1,
                "isoLanguageCode": "lv"
            },
            {
                "__typename": "TextReviewLanguageCount",
                "count": 23,
                "isoLanguageCode": "es"
            },
            {
                "__typename": "TextReviewLanguageCount",
                "count": 1,
                "isoLanguageCode": "bg"
            },
            {
                "__typename": "TextReviewLanguageCount",
                "count": 1,
                "isoLanguageCode": "el"
            },
            {
                "__typename": "TextReviewLanguageCount",
                "count": 1,
                "isoLanguageCode": "sl"
            },
            {
                "__typename": "TextReviewLanguageCount",
                "count": 2,
                "isoLanguageCode": "cs"
            },
            {
                "__typename": "TextReviewLanguageCount",
                "count": 1,
                "isoLanguageCode": "fr"
            },
            {
                "__typename": "TextReviewLanguageCount",
                "count": 5,
                "isoLanguageCode": "fi"
            },
            {
                "__typename": "TextReviewLanguageCount",
                "count": 2,
                "isoLanguageCode": "nl"
            },
            {
                "__typename": "TextReviewLanguageCount",
                "count": 5,
                "isoLanguageCode": "pl"
            },
            {
                "__typename": "TextReviewLanguageCount",
                "count": 2,
                "isoLanguageCode": "no"
            },
            {
                "__typename": "TextReviewLanguageCount",
                "count": 1,
                "isoLanguageCode": "fa"
            },
            {
                "__typename": "TextReviewLanguageCount",
                "count": 6,
                "isoLanguageCode": "de"
            },
            {
                "__typename": "TextReviewLanguageCount",
                "count": 2,
                "isoLanguageCode": "ro"
            },
            {
                "__typename": "TextReviewLanguageCount",
                "count": 1,
                "isoLanguageCode": "sk"
            },
            {
                "__typename": "TextReviewLanguageCount",
                "count": 8,
                "isoLanguageCode": "it"
            },
            {
                "__typename": "TextReviewLanguageCount",
                "count": 1,
                "isoLanguageCode": "sv"
            }
        ]
    },
    "quotes({\"pagination\":{\"limit\":1}})": {
        "__typename": "ResourceQuotesConnection",
        "webUrl": "https://www.goodreads.com/work/quotes/24989806",
        "totalCount": 35
    },
    "questions({\"pagination\":{\"limit\":1}})": {
        "__typename": "ResourceQuestionsConnection",
        "totalCount": 3,
        "webUrl": "https://www.goodreads.com/book/17853024/questions"
    },
    "topics({\"pagination\":{\"limit\":1}})": {
        "__typename": "ResourceTopicsConnection",
        "webUrl": "https://www.goodreads.com/topic/list_book/17853024",
        "totalCount": 8
    },
    "viewerShelvings": [],
    "viewerShelvingsUrl": "/review/user_works/24989806",
    "featuredKNH": {
        "__typename": "FeaturedKNHCollectionConnection",
        "totalCount": 0,
        "edges": []
    },
    "giveaways": null,
    "editions": {
        "__typename": "BooksConnection",
        "webUrl": "https://www.goodreads.com/work/editions/24989806"
    }
}