{
    "id": "kca://work/amzn1.gr.work.v1.jqDlTI34ziJGUPeD50Ej7A",
    "__typename": "Work",
    "legacyId": 997260,
    "bestBook": {
        "__ref": "Book:kca://book/amzn1.gr.book.v1.KA8jaTUUcP6LFWhSLwP7hw"
    },
    "choiceAwards": [],
    "details": {
        "__typename": "WorkDetails",
        "webUrl": "https://www.goodreads.com/work/997260-eaters-of-the-dead",
        "shelvesUrl": "https://www.goodreads.com/work/shelves/997260-eaters-of-the-dead",
        "publicationTime": 195465600000,
        "originalTitle": "Eaters of the Dead",
        "awardsWon": [],
        "places": [
            {
                "__typename": "Places",
                "name": "Scandinavia",
                "countryName": null,
                "webUrl": "https://www.goodreads.com/places/4438-scandinavia",
                "year": null
            },
            {
                "__typename": "Places",
                "name": "Baghdad",
                "countryName": "Iraq",
                "webUrl": "https://www.goodreads.com/places/2906-baghdad",
                "year": null
            },
            {
                "__typename": "Places",
                "name": "Iraq",
                "countryName": null,
                "webUrl": "https://www.goodreads.com/places/77-iraq",
                "year": null
            }
        ],
        "characters": [
            {
                "__typename": "Character",
                "name": "Ahmad ibn Fadl\u0101n",
                "webUrl": "https://www.goodreads.com/characters/577-ahmad-ibn-fadl-n"
            },
            {
                "__typename": "Character",
                "name": "Buliwyf",
                "webUrl": "https://www.goodreads.com/characters/578-buliwyf"
            },
            {
                "__typename": "Character",
                "name": "Wulfgar",
                "webUrl": "https://www.goodreads.com/characters/960983-wulfgar"
            },
            {
                "__typename": "Character",
                "name": "Ecthgow",
                "webUrl": "https://www.goodreads.com/characters/997285-ecthgow"
            },
            {
                "__typename": "Character",
                "name": "Higlak",
                "webUrl": "https://www.goodreads.com/characters/997286-higlak"
            },
            {
                "__typename": "Character",
                "name": "Skeld",
                "webUrl": "https://www.goodreads.com/characters/997287-skeld"
            },
            {
                "__typename": "Character",
                "name": "Weath",
                "webUrl": "https://www.goodreads.com/characters/997288-weath"
            },
            {
                "__typename": "Character",
                "name": "Roneth",
                "webUrl": "https://www.goodreads.com/characters/997289-roneth"
            },
            {
                "__typename": "Character",
                "name": "Halga",
                "webUrl": "https://www.goodreads.com/characters/997290-halga"
            },
            {
                "__typename": "Character",
                "name": "Helfdane",
                "webUrl": "https://www.goodreads.com/characters/997291-helfdane"
            },
            {
                "__typename": "Character",
                "name": "Edgtho",
                "webUrl": "https://www.goodreads.com/characters/997292-edgtho"
            },
            {
                "__typename": "Character",
                "name": "Rethel",
                "webUrl": "https://www.goodreads.com/characters/997293-rethel"
            },
            {
                "__typename": "Character",
                "name": "Haltaf",
                "webUrl": "https://www.goodreads.com/characters/997294-haltaf"
            },
            {
                "__typename": "Character",
                "name": "Herger",
                "webUrl": "https://www.goodreads.com/characters/997295-herger"
            },
            {
                "__typename": "Character",
                "name": "Thorkel",
                "webUrl": "https://www.goodreads.com/characters/997296-thorkel"
            },
            {
                "__typename": "Character",
                "name": "Rothgar",
                "webUrl": "https://www.goodreads.com/characters/997297-rothgar"
            },
            {
                "__typename": "Character",
                "name": "Sagard",
                "webUrl": "https://www.goodreads.com/characters/997299-sagard"
            },
            {
                "__typename": "Character",
                "name": "Wiglif",
                "webUrl": "https://www.goodreads.com/characters/997300-wiglif"
            }
        ]
    },
    "stats": {
        "__typename": "BookOrWorkStats",
        "averageRating": 3.71,
        "ratingsCount": 44397,
        "ratingsCountDist": [
            951,
            3685,
            13186,
            16083,
            10492
        ],
        "textReviewsCount": 2303,
        "textReviewsLanguageCounts": [
            {
                "__typename": "TextReviewLanguageCount",
                "count": 2040,
                "isoLanguageCode": "en"
            },
            {
                "__typename": "TextReviewLanguageCount",
                "count": 61,
                "isoLanguageCode": "es"
            },
            {
                "__typename": "TextReviewLanguageCount",
                "count": 1,
                "isoLanguageCode": "nl"
            },
            {
                "__typename": "TextReviewLanguageCount",
                "count": 1,
                "isoLanguageCode": "tr"
            },
            {
                "__typename": "TextReviewLanguageCount",
                "count": 12,
                "isoLanguageCode": "pt"
            },
            {
                "__typename": "TextReviewLanguageCount",
                "count": 2,
                "isoLanguageCode": "et"
            },
            {
                "__typename": "TextReviewLanguageCount",
                "count": 8,
                "isoLanguageCode": "bg"
            },
            {
                "__typename": "TextReviewLanguageCount",
                "count": 5,
                "isoLanguageCode": "fr"
            },
            {
                "__typename": "TextReviewLanguageCount",
                "count": 1,
                "isoLanguageCode": "ca"
            },
            {
                "__typename": "TextReviewLanguageCount",
                "count": 21,
                "isoLanguageCode": "it"
            },
            {
                "__typename": "TextReviewLanguageCount",
                "count": 2,
                "isoLanguageCode": "pl"
            },
            {
                "__typename": "TextReviewLanguageCount",
                "count": 1,
                "isoLanguageCode": "lv"
            },
            {
                "__typename": "TextReviewLanguageCount",
                "count": 2,
                "isoLanguageCode": "hu"
            },
            {
                "__typename": "TextReviewLanguageCount",
                "count": 15,
                "isoLanguageCode": "ar"
            },
            {
                "__typename": "TextReviewLanguageCount",
                "count": 6,
                "isoLanguageCode": "el"
            },
            {
                "__typename": "TextReviewLanguageCount",
                "count": 2,
                "isoLanguageCode": "ro"
            },
            {
                "__typename": "TextReviewLanguageCount",
                "count": 4,
                "isoLanguageCode": "de"
            },
            {
                "__typename": "TextReviewLanguageCount",
                "count": 1,
                "isoLanguageCode": "sk"
            },
            {
                "__typename": "TextReviewLanguageCount",
                "count": 1,
                "isoLanguageCode": "cs"
            },
            {
                "__typename": "TextReviewLanguageCount",
                "count": 3,
                "isoLanguageCode": "id"
            },
            {
                "__typename": "TextReviewLanguageCount",
                "count": 12,
                "isoLanguageCode": "uk"
            },
            {
                "__typename": "TextReviewLanguageCount",
                "count": 1,
                "isoLanguageCode": "ru"
            },
            {
                "__typename": "TextReviewLanguageCount",
                "count": 2,
                "isoLanguageCode": "lt"
            },
            {
                "__typename": "TextReviewLanguageCount",
                "count": 1,
                "isoLanguageCode": "sv"
            },
            {
                "__typename": "TextReviewLanguageCount",
                "count": 3,
                "isoLanguageCode": "fa"
            },
            {
                "__typename": "TextReviewLanguageCount",
                "count": 1,
                "isoLanguageCode": "zh-TW"
            }
        ]
    },
    "quotes({\"pagination\":{\"limit\":1}})": {
        "__typename": "ResourceQuotesConnection",
        "webUrl": "https://www.goodreads.com/work/quotes/997260",
        "totalCount": 17
    },
    "questions({\"pagination\":{\"limit\":1}})": {
        "__typename": "ResourceQuestionsConnection",
        "totalCount": 4,
        "webUrl": "https://www.goodreads.com/book/7673/questions"
    },
    "topics({\"pagination\":{\"limit\":1}})": {
        "__typename": "ResourceTopicsConnection",
        "webUrl": "https://www.goodreads.com/topic/list_book/7673",
        "totalCount": 7
    },
    "viewerShelvings": [],
    "viewerShelvingsUrl": "/review/user_works/997260",
    "featuredKNH": {
        "__typename": "FeaturedKNHCollectionConnection",
        "totalCount": 0,
        "edges": []
    },
    "giveaways": null,
    "editions": {
        "__typename": "BooksConnection",
        "webUrl": "https://www.goodreads.com/work/editions/997260"
    }
}