{
    "id": "kca://author/amzn1.gr.author.v3.RTrrV9kR5pspTr8p",
    "__typename": "Contributor",
    "legacyId": 22225370,
    "name": "Shauna Lawless",
    "description": "",
    "isGrAuthor": true,
    "works": {
        "__typename": "ContributorWorksConnection",
        "totalCount": 9
    },
    "profileImageUrl": "https://i.gr-assets.com/images/S/compressed.photo.goodreads.com/authors/1645834151i/22225370._UX200_CR0,0,200,200_.jpg",
    "webUrl": "https://www.goodreads.com/author/show/22225370.Shauna_Lawless",
    "user": {
        "__ref": "User:75683723"
    },
    "viewerIsFollowing": null,
    "followers": {
        "__typename": "ContributorFollowersConnection",
        "totalCount": 715
    }
}