{
    "id": "kca://work/amzn1.gr.work.v3.5wKILspZu7D3625h",
    "__typename": "Work",
    "legacyId": 95162721,
    "bestBook": {
        "__ref": "Book:kca://book/amzn1.gr.book.v3.uzgTAEv9xhQfjiPf"
    },
    "choiceAwards": [],
    "details": {
        "__typename": "WorkDetails",
        "webUrl": "https://www.goodreads.com/work/95162721-the-children-of-gods-and-fighting-men-gael-song-1",
        "shelvesUrl": "https://www.goodreads.com/work/shelves/95162721-the-children-of-gods-and-fighting-men-gael-song-1",
        "publicationTime": 1662015600000,
        "originalTitle": "",
        "awardsWon": [
            {
                "__typename": "Award",
                "name": "British Fantasy Award",
                "webUrl": "https://www.goodreads.com/award/show/8100-british-fantasy-award",
                "awardedAt": 1672560000000,
                "category": "Sydney J. Bounds Award for Best Newcomer",
                "designation": "NOMINEE"
            }
        ],
        "places": [],
        "characters": []
    },
    "stats": {
        "__typename": "BookOrWorkStats",
        "averageRating": 4.13,
        "ratingsCount": 3401,
        "ratingsCountDist": [
            28,
            119,
            519,
            1458,
            1277
        ],
        "textReviewsCount": 774,
        "textReviewsLanguageCounts": [
            {
                "__typename": "TextReviewLanguageCount",
                "count": 736,
                "isoLanguageCode": "en"
            },
            {
                "__typename": "TextReviewLanguageCount",
                "count": 3,
                "isoLanguageCode": "es"
            },
            {
                "__typename": "TextReviewLanguageCount",
                "count": 1,
                "isoLanguageCode": "nl"
            },
            {
                "__typename": "TextReviewLanguageCount",
                "count": 1,
                "isoLanguageCode": "pl"
            },
            {
                "__typename": "TextReviewLanguageCount",
                "count": 1,
                "isoLanguageCode": "fr"
            },
            {
                "__typename": "TextReviewLanguageCount",
                "count": 1,
                "isoLanguageCode": "cs"
            },
            {
                "__typename": "TextReviewLanguageCount",
                "count": 1,
                "isoLanguageCode": "de"
            }
        ]
    },
    "quotes({\"pagination\":{\"limit\":1}})": {
        "__typename": "ResourceQuotesConnection",
        "webUrl": "https://www.goodreads.com/work/quotes/95162721",
        "totalCount": 0
    },
    "questions({\"pagination\":{\"limit\":1}})": {
        "__typename": "ResourceQuestionsConnection",
        "totalCount": 2,
        "webUrl": "https://www.goodreads.com/book/60387416/questions"
    },
    "topics({\"pagination\":{\"limit\":1}})": {
        "__typename": "ResourceTopicsConnection",
        "webUrl": "https://www.goodreads.com/topic/list_book/60387416",
        "totalCount": 3
    },
    "viewerShelvings": [],
    "viewerShelvingsUrl": "/review/user_works/95162721",
    "featuredKNH": {
        "__typename": "FeaturedKNHCollectionConnection",
        "totalCount": 0,
        "edges": []
    },
    "giveaways": null,
    "editions": {
        "__typename": "BooksConnection",
        "webUrl": "https://www.goodreads.com/work/editions/95162721"
    }
}