{
    "id": "kca://work/amzn1.gr.work.v1.qY6oItbVSNQmcvm18FdzRg",
    "__typename": "Work",
    "legacyId": 587624,
    "bestBook": {
        "__ref": "Book:kca://book/amzn1.gr.book.v1.-4VOtBDF0BQd5gCnecDLsg"
    },
    "choiceAwards": [],
    "details": {
        "__typename": "WorkDetails",
        "webUrl": "https://www.goodreads.com/work/587624-avalon",
        "shelvesUrl": "https://www.goodreads.com/work/shelves/587624-avalon",
        "publicationTime": -157737600000,
        "originalTitle": "Avalon",
        "awardsWon": [],
        "places": [
            {
                "__typename": "Places",
                "name": "United Kingdom",
                "countryName": null,
                "webUrl": "https://www.goodreads.com/places/4-united-kingdom",
                "year": null
            }
        ],
        "characters": [
            {
                "__typename": "Character",
                "name": "Rumon",
                "webUrl": "https://www.goodreads.com/characters/1804-rumon"
            },
            {
                "__typename": "Character",
                "name": "Merewyn",
                "webUrl": "https://www.goodreads.com/characters/1805-merewyn"
            },
            {
                "__typename": "Character",
                "name": "Queen Alfrida",
                "webUrl": "https://www.goodreads.com/characters/1806-queen-alfrida"
            },
            {
                "__typename": "Character",
                "name": "Ketil",
                "webUrl": "https://www.goodreads.com/characters/1807-ketil"
            },
            {
                "__typename": "Character",
                "name": "Sigurd",
                "webUrl": "https://www.goodreads.com/characters/1808-sigurd"
            },
            {
                "__typename": "Character",
                "name": "Eirik the Red",
                "webUrl": "https://www.goodreads.com/characters/26014-eirik-the-red"
            }
        ]
    },
    "stats": {
        "__typename": "BookOrWorkStats",
        "averageRating": 3.89,
        "ratingsCount": 4369,
        "ratingsCountDist": [
            64,
            223,
            1155,
            1613,
            1314
        ],
        "textReviewsCount": 270,
        "textReviewsLanguageCounts": [
            {
                "__typename": "TextReviewLanguageCount",
                "count": 266,
                "isoLanguageCode": "en"
            },
            {
                "__typename": "TextReviewLanguageCount",
                "count": 1,
                "isoLanguageCode": "nl"
            }
        ]
    },
    "quotes({\"pagination\":{\"limit\":1}})": {
        "__typename": "ResourceQuotesConnection",
        "webUrl": "https://www.goodreads.com/work/quotes/587624",
        "totalCount": 6
    },
    "questions({\"pagination\":{\"limit\":1}})": {
        "__typename": "ResourceQuestionsConnection",
        "totalCount": 1,
        "webUrl": "https://www.goodreads.com/book/36252/questions"
    },
    "topics({\"pagination\":{\"limit\":1}})": {
        "__typename": "ResourceTopicsConnection",
        "webUrl": "https://www.goodreads.com/topic/list_book/36252",
        "totalCount": 0
    },
    "viewerShelvings": [],
    "viewerShelvingsUrl": "/review/user_works/587624",
    "featuredKNH": {
        "__typename": "FeaturedKNHCollectionConnection",
        "totalCount": 0,
        "edges": []
    },
    "giveaways": null,
    "editions": {
        "__typename": "BooksConnection",
        "webUrl": "https://www.goodreads.com/work/editions/587624"
    }
}