{
    "id": "kca://author/amzn1.gr.author.v1.0UvOd7k8nfrpov8_T8utIg",
    "__typename": "Contributor",
    "legacyId": 18930,
    "name": "Anya Seton",
    "description": "Anya Seton (January 23, 1904 (although the year is often misstated to be 1906 or 1916) - November 8, 1990) was the pen name of the American author of historical romances, Ann Seton.<br /><br />Ann Seton was born in New York, and died in Old Greenwich, Connecticut. She was the daughter of English-born naturalist and pioneer of the Boy Scouts of America, <a href=\"https://www.goodreads.com/author/show/31707.Ernest_Thompson_Seton\" title=\"Ernest Thompson Seton\" rel=\"nofollow noopener\">Ernest Thompson Seton</a> and <a href=\"https://www.goodreads.com/author/show/3916395.Grace_Gallatin_Seton_Thompson\" title=\"Grace Gallatin Seton-Thompson\" rel=\"nofollow noopener\">Grace Gallatin Seton-Thompson</a>. She is interred at Putnam Cemetery in Greenwich.<br /><br />Her historical novels were noted for how extensively she researched the historical facts, and some of them were best-sellers.[citation needed] Dragonwyck (1941) and Foxfire (1950) were both made into Hollywood films. Two of her books are classics in their genre and continue in their popularity to the present; Katherine, the story of Katherine Swynford, the mistress and eventual wife of John of Gaunt, and their children, who eventually became the basis for the Tudor and Stuart families of England, and Green Darkness, the story of a modern couple plagued by their past life incarnations. Most of her novels have been recently republished, several with forewords by Philippa Gregory.<br /><br />Her novel Devil Water concerns James, the luckless Earl of Derwentwater and his involvement with the Jacobite rising of 1715. She also narrates the story of his brother Charles, beheaded after the 1745 rebellion, the last man to die for the cause. The action of the novel moves back and forth between Northumberland, Tyneside, London and America.<br /><br />Anya Seton stated that the book developed out of her love for Northumberland. Anya certainly visited her Snowdon cousins at Felton. Billy Pigg, the celebrated Northumbrian piper played 'Derwentwater's Farewell' especially for her. The novel shows her typical thorough research of events and places, though the accents are a little wayward. Anya Seton said that her greatest debt of all was to Miss Amy Flagg of Westoe Village in South Shields, her father's birthplace.",
    "isGrAuthor": false,
    "works": {
        "__typename": "ContributorWorksConnection",
        "totalCount": 44
    },
    "profileImageUrl": "https://i.gr-assets.com/images/S/compressed.photo.goodreads.com/authors/1224813438i/18930._UX200_CR0,41,200,200_.jpg",
    "webUrl": "https://www.goodreads.com/author/show/18930.Anya_Seton",
    "user": null,
    "viewerIsFollowing": null,
    "followers": {
        "__typename": "ContributorFollowersConnection",
        "totalCount": 880
    }
}