{
    "id": "kca://author/amzn1.gr.author.v1.Xjrgpr7C5KxvJxFFpz616w",
    "__typename": "Contributor",
    "legacyId": 5158478,
    "name": "Anonymous",
    "description": "Books can be attributed to \"Anonymous\" for several reasons: <br /><br />* They are officially published under that name <br />* They are traditional stories not attributed to a specific author <br />* They are religious texts not generally attributed to a specific author <br /><br />Books whose authorship is merely uncertain should be attributed to <a href=\"https://www.goodreads.com/author/show/4699102.Unknown\" title=\"Unknown\" rel=\"nofollow noopener\">Unknown</a>.<br /><br />See also: <a href=\"https://www.goodreads.com/author/show/22619802.Anonymous\" title=\"Anonymous\" rel=\"nofollow noopener\">Anonymous</a><p></p>",
    "isGrAuthor": false,
    "works": {
        "__typename": "ContributorWorksConnection",
        "totalCount": 791444
    },
    "profileImageUrl": "https://i.gr-assets.com/images/S/compressed.photo.goodreads.com/nophoto/user/u_700x933.png",
    "webUrl": "https://www.goodreads.com/author/show/5158478.Anonymous",
    "user": null,
    "viewerIsFollowing": null,
    "followers": {
        "__typename": "ContributorFollowersConnection",
        "totalCount": 3251
    }
}