{
    "id": "kca://work/amzn1.gr.work.v1.SEQCbWapwJiYXT2cJOG6gA",
    "__typename": "Work",
    "legacyId": 859375,
    "bestBook": {
        "__ref": "Book:kca://book/amzn1.gr.book.v1.oboXZI0ZvS829yxYPeAwng"
    },
    "choiceAwards": [],
    "details": {
        "__typename": "WorkDetails",
        "webUrl": "https://www.goodreads.com/work/859375",
        "shelvesUrl": "https://www.goodreads.com/work/shelves/859375",
        "publicationTime": -36921628800000,
        "originalTitle": "\u0623\u0644\u0641 \u0644\u064a\u0644\u0629 \u0648\u0644\u064a\u0644\u0629",
        "awardsWon": [],
        "places": [
            {
                "__typename": "Places",
                "name": "Middle East",
                "countryName": null,
                "webUrl": "https://www.goodreads.com/places/1484-middle-east",
                "year": null
            }
        ],
        "characters": []
    },
    "stats": {
        "__typename": "BookOrWorkStats",
        "averageRating": 4.03,
        "ratingsCount": 79033,
        "ratingsCountDist": [
            1298,
            3572,
            16533,
            27764,
            29866
        ],
        "textReviewsCount": 2492,
        "textReviewsLanguageCounts": [
            {
                "__typename": "TextReviewLanguageCount",
                "count": 1941,
                "isoLanguageCode": "en"
            },
            {
                "__typename": "TextReviewLanguageCount",
                "count": 254,
                "isoLanguageCode": "es"
            },
            {
                "__typename": "TextReviewLanguageCount",
                "count": 1,
                "isoLanguageCode": "ca"
            },
            {
                "__typename": "TextReviewLanguageCount",
                "count": 55,
                "isoLanguageCode": "it"
            },
            {
                "__typename": "TextReviewLanguageCount",
                "count": 1,
                "isoLanguageCode": "th"
            },
            {
                "__typename": "TextReviewLanguageCount",
                "count": 1,
                "isoLanguageCode": "vi"
            },
            {
                "__typename": "TextReviewLanguageCount",
                "count": 20,
                "isoLanguageCode": "id"
            },
            {
                "__typename": "TextReviewLanguageCount",
                "count": 3,
                "isoLanguageCode": "fa"
            },
            {
                "__typename": "TextReviewLanguageCount",
                "count": 48,
                "isoLanguageCode": "ar"
            },
            {
                "__typename": "TextReviewLanguageCount",
                "count": 12,
                "isoLanguageCode": "tr"
            },
            {
                "__typename": "TextReviewLanguageCount",
                "count": 1,
                "isoLanguageCode": "ro"
            },
            {
                "__typename": "TextReviewLanguageCount",
                "count": 3,
                "isoLanguageCode": "nl"
            },
            {
                "__typename": "TextReviewLanguageCount",
                "count": 4,
                "isoLanguageCode": "de"
            },
            {
                "__typename": "TextReviewLanguageCount",
                "count": 1,
                "isoLanguageCode": "no"
            },
            {
                "__typename": "TextReviewLanguageCount",
                "count": 2,
                "isoLanguageCode": "da"
            },
            {
                "__typename": "TextReviewLanguageCount",
                "count": 2,
                "isoLanguageCode": "ru"
            },
            {
                "__typename": "TextReviewLanguageCount",
                "count": 2,
                "isoLanguageCode": "pt"
            },
            {
                "__typename": "TextReviewLanguageCount",
                "count": 9,
                "isoLanguageCode": "bn"
            },
            {
                "__typename": "TextReviewLanguageCount",
                "count": 2,
                "isoLanguageCode": "bg"
            },
            {
                "__typename": "TextReviewLanguageCount",
                "count": 1,
                "isoLanguageCode": "hu"
            },
            {
                "__typename": "TextReviewLanguageCount",
                "count": 3,
                "isoLanguageCode": "fr"
            },
            {
                "__typename": "TextReviewLanguageCount",
                "count": 1,
                "isoLanguageCode": "sw"
            },
            {
                "__typename": "TextReviewLanguageCount",
                "count": 2,
                "isoLanguageCode": "zh"
            },
            {
                "__typename": "TextReviewLanguageCount",
                "count": 2,
                "isoLanguageCode": "sv"
            },
            {
                "__typename": "TextReviewLanguageCount",
                "count": 1,
                "isoLanguageCode": "pl"
            },
            {
                "__typename": "TextReviewLanguageCount",
                "count": 1,
                "isoLanguageCode": "zh-TW"
            },
            {
                "__typename": "TextReviewLanguageCount",
                "count": 1,
                "isoLanguageCode": "sq"
            }
        ]
    },
    "quotes({\"pagination\":{\"limit\":1}})": {
        "__typename": "ResourceQuotesConnection",
        "webUrl": "https://www.goodreads.com/work/quotes/859375",
        "totalCount": 85
    },
    "questions({\"pagination\":{\"limit\":1}})": {
        "__typename": "ResourceQuestionsConnection",
        "totalCount": 20,
        "webUrl": "https://www.goodreads.com/book/93101/questions"
    },
    "topics({\"pagination\":{\"limit\":1}})": {
        "__typename": "ResourceTopicsConnection",
        "webUrl": "https://www.goodreads.com/topic/list_book/93101",
        "totalCount": 36
    },
    "viewerShelvings": [],
    "viewerShelvingsUrl": "/review/user_works/859375",
    "featuredKNH": {
        "__typename": "FeaturedKNHCollectionConnection",
        "totalCount": 0,
        "edges": []
    },
    "giveaways": null,
    "editions": {
        "__typename": "BooksConnection",
        "webUrl": "https://www.goodreads.com/work/editions/859375"
    }
}