{
    "id": "kca://author/amzn1.gr.author.v1.v8qtDOSVpE4F5hah6bjpCA",
    "__typename": "Contributor",
    "legacyId": 110183,
    "name": "Ono no Komachi",
    "description": "Ono no Komachi (\u5c0f\u91ce \u5c0f\u753a?, c. 825 \u2013 c. 900) was a Japanese waka poet, one of the Rokkasen \u2014 the six best waka poets of the early Heian period. She was renowned for her unusual beauty, and Komachi is today a synonym for feminine beauty in Japan.[1] She also counts among the Thirty-six Poetry Immortals.",
    "isGrAuthor": false,
    "works": {
        "__typename": "ContributorWorksConnection",
        "totalCount": 7
    },
    "profileImageUrl": "https://i.gr-assets.com/images/S/compressed.photo.goodreads.com/authors/1494150703i/110183._UX200_CR0,16,200,200_.jpg",
    "webUrl": "https://www.goodreads.com/author/show/110183.Ono_no_Komachi",
    "user": null,
    "viewerIsFollowing": null,
    "followers": {
        "__typename": "ContributorFollowersConnection",
        "totalCount": 35
    }
}