{
    "id": "kca://work/amzn1.gr.work.v1.fqJxWmngHCwzjWuBaUUiRQ",
    "__typename": "Work",
    "legacyId": 182758,
    "bestBook": {
        "__ref": "Book:kca://book/amzn1.gr.book.v1.vKxnMBSj5oMDc39oVG263Q"
    },
    "choiceAwards": [],
    "details": {
        "__typename": "WorkDetails",
        "webUrl": "https://www.goodreads.com/work/182758-the-ink-dark-moon-love-poems-by-ono-no-komachi-and-izumi-shikibu-women",
        "shelvesUrl": "https://www.goodreads.com/work/shelves/182758-the-ink-dark-moon-love-poems-by-ono-no-komachi-and-izumi-shikibu-women",
        "publicationTime": 573206400000,
        "originalTitle": "The Ink Dark Moon: Love Poems by Ono no Komachi and Izumi Shikibu, Women of the Ancient Court of Japan",
        "awardsWon": [],
        "places": [],
        "characters": []
    },
    "stats": {
        "__typename": "BookOrWorkStats",
        "averageRating": 4.39,
        "ratingsCount": 1775,
        "ratingsCountDist": [
            5,
            39,
            177,
            587,
            967
        ],
        "textReviewsCount": 240,
        "textReviewsLanguageCounts": [
            {
                "__typename": "TextReviewLanguageCount",
                "count": 224,
                "isoLanguageCode": "en"
            },
            {
                "__typename": "TextReviewLanguageCount",
                "count": 6,
                "isoLanguageCode": "fa"
            },
            {
                "__typename": "TextReviewLanguageCount",
                "count": 1,
                "isoLanguageCode": "fi"
            },
            {
                "__typename": "TextReviewLanguageCount",
                "count": 1,
                "isoLanguageCode": "ka"
            },
            {
                "__typename": "TextReviewLanguageCount",
                "count": 2,
                "isoLanguageCode": "es"
            },
            {
                "__typename": "TextReviewLanguageCount",
                "count": 1,
                "isoLanguageCode": "nl"
            }
        ]
    },
    "quotes({\"pagination\":{\"limit\":1}})": {
        "__typename": "ResourceQuotesConnection",
        "webUrl": "https://www.goodreads.com/work/quotes/182758",
        "totalCount": 34
    },
    "questions({\"pagination\":{\"limit\":1}})": {
        "__typename": "ResourceQuestionsConnection",
        "totalCount": 1,
        "webUrl": "https://www.goodreads.com/book/189048/questions"
    },
    "topics({\"pagination\":{\"limit\":1}})": {
        "__typename": "ResourceTopicsConnection",
        "webUrl": "https://www.goodreads.com/topic/list_book/189048",
        "totalCount": 3
    },
    "viewerShelvings": [],
    "viewerShelvingsUrl": "/review/user_works/182758",
    "featuredKNH": {
        "__typename": "FeaturedKNHCollectionConnection",
        "totalCount": 0,
        "edges": []
    },
    "giveaways": null,
    "editions": {
        "__typename": "BooksConnection",
        "webUrl": "https://www.goodreads.com/work/editions/182758"
    }
}