{
    "id": "kca://work/amzn1.gr.work.v1.yXUoESWfl1jgphjjdQ0cUQ",
    "__typename": "Work",
    "legacyId": 189503,
    "bestBook": {
        "__ref": "Book:kca://book/amzn1.gr.book.v1.r3qg1S-wGTRpD4QEd8KDkA"
    },
    "choiceAwards": [],
    "details": {
        "__typename": "WorkDetails",
        "webUrl": "https://www.goodreads.com/work/189503-beowulf-a-prose-translation",
        "shelvesUrl": "https://www.goodreads.com/work/shelves/189503-beowulf-a-prose-translation",
        "publicationTime": -30610195200000,
        "originalTitle": "Beowulf. A Prose Translation",
        "awardsWon": [
            {
                "__typename": "Award",
                "name": "Hugo Award",
                "webUrl": "https://www.goodreads.com/award/show/9-hugo-award",
                "awardedAt": 1609488000000,
                "category": "Best Related Work",
                "designation": "WINNER"
            },
            {
                "__typename": "Award",
                "name": "Locus Award",
                "webUrl": "https://www.goodreads.com/award/show/46-locus-award",
                "awardedAt": 1609488000000,
                "category": "Best Horror Novel",
                "designation": "NOMINEE"
            },
            {
                "__typename": "Award",
                "name": "World Fantasy Award",
                "webUrl": "https://www.goodreads.com/award/show/100-world-fantasy-award",
                "awardedAt": 1609488000000,
                "category": "Special Award: Professional",
                "designation": "NOMINEE"
            },
            {
                "__typename": "Award",
                "name": "ALTA National Translation Award",
                "webUrl": "https://www.goodreads.com/award/show/19943-alta-national-translation-award",
                "awardedAt": 1609488000000,
                "category": "Poetry",
                "designation": "NOMINEE"
            }
        ],
        "places": [
            {
                "__typename": "Places",
                "name": "Denmark",
                "countryName": null,
                "webUrl": "https://www.goodreads.com/places/72-denmark",
                "year": null
            },
            {
                "__typename": "Places",
                "name": "Geatland",
                "countryName": "Sweden",
                "webUrl": "https://www.goodreads.com/places/3010-geatland",
                "year": null
            },
            {
                "__typename": "Places",
                "name": "Sweden",
                "countryName": null,
                "webUrl": "https://www.goodreads.com/places/48-sweden",
                "year": null
            }
        ],
        "characters": [
            {
                "__typename": "Character",
                "name": "Beowulf",
                "webUrl": "https://www.goodreads.com/characters/4679-beowulf"
            },
            {
                "__typename": "Character",
                "name": "Grendel",
                "webUrl": "https://www.goodreads.com/characters/4680-grendel"
            },
            {
                "__typename": "Character",
                "name": "Onela",
                "webUrl": "https://www.goodreads.com/characters/45913-onela"
            },
            {
                "__typename": "Character",
                "name": "Unferth",
                "webUrl": "https://www.goodreads.com/characters/45914-unferth"
            },
            {
                "__typename": "Character",
                "name": "Breca",
                "webUrl": "https://www.goodreads.com/characters/45915-breca"
            },
            {
                "__typename": "Character",
                "name": "Wiglaf",
                "webUrl": "https://www.goodreads.com/characters/96223-wiglaf"
            },
            {
                "__typename": "Character",
                "name": "Wealhtheow",
                "webUrl": "https://www.goodreads.com/characters/96225-wealhtheow"
            },
            {
                "__typename": "Character",
                "name": "Hrothgar",
                "webUrl": "https://www.goodreads.com/characters/1024156-hrothgar"
            }
        ]
    },
    "stats": {
        "__typename": "BookOrWorkStats",
        "averageRating": 3.49,
        "ratingsCount": 330264,
        "ratingsCountDist": [
            19739,
            41935,
            99006,
            94931,
            74653
        ],
        "textReviewsCount": 12252,
        "textReviewsLanguageCounts": [
            {
                "__typename": "TextReviewLanguageCount",
                "count": 11461,
                "isoLanguageCode": "en"
            },
            {
                "__typename": "TextReviewLanguageCount",
                "count": 101,
                "isoLanguageCode": "es"
            },
            {
                "__typename": "TextReviewLanguageCount",
                "count": 31,
                "isoLanguageCode": "it"
            },
            {
                "__typename": "TextReviewLanguageCount",
                "count": 11,
                "isoLanguageCode": "de"
            },
            {
                "__typename": "TextReviewLanguageCount",
                "count": 21,
                "isoLanguageCode": "tr"
            },
            {
                "__typename": "TextReviewLanguageCount",
                "count": 16,
                "isoLanguageCode": "ru"
            },
            {
                "__typename": "TextReviewLanguageCount",
                "count": 5,
                "isoLanguageCode": "da"
            },
            {
                "__typename": "TextReviewLanguageCount",
                "count": 12,
                "isoLanguageCode": "pt"
            },
            {
                "__typename": "TextReviewLanguageCount",
                "count": 8,
                "isoLanguageCode": "fi"
            },
            {
                "__typename": "TextReviewLanguageCount",
                "count": 14,
                "isoLanguageCode": "pl"
            },
            {
                "__typename": "TextReviewLanguageCount",
                "count": 1,
                "isoLanguageCode": "vi"
            },
            {
                "__typename": "TextReviewLanguageCount",
                "count": 4,
                "isoLanguageCode": "ka"
            },
            {
                "__typename": "TextReviewLanguageCount",
                "count": 8,
                "isoLanguageCode": "nl"
            },
            {
                "__typename": "TextReviewLanguageCount",
                "count": 2,
                "isoLanguageCode": "cs"
            },
            {
                "__typename": "TextReviewLanguageCount",
                "count": 4,
                "isoLanguageCode": "sv"
            },
            {
                "__typename": "TextReviewLanguageCount",
                "count": 8,
                "isoLanguageCode": "fa"
            },
            {
                "__typename": "TextReviewLanguageCount",
                "count": 3,
                "isoLanguageCode": "bn"
            },
            {
                "__typename": "TextReviewLanguageCount",
                "count": 3,
                "isoLanguageCode": "ro"
            },
            {
                "__typename": "TextReviewLanguageCount",
                "count": 5,
                "isoLanguageCode": "uk"
            },
            {
                "__typename": "TextReviewLanguageCount",
                "count": 7,
                "isoLanguageCode": "ar"
            },
            {
                "__typename": "TextReviewLanguageCount",
                "count": 1,
                "isoLanguageCode": "sl"
            },
            {
                "__typename": "TextReviewLanguageCount",
                "count": 2,
                "isoLanguageCode": "is"
            },
            {
                "__typename": "TextReviewLanguageCount",
                "count": 1,
                "isoLanguageCode": "zh"
            },
            {
                "__typename": "TextReviewLanguageCount",
                "count": 3,
                "isoLanguageCode": "no"
            },
            {
                "__typename": "TextReviewLanguageCount",
                "count": 8,
                "isoLanguageCode": "fr"
            },
            {
                "__typename": "TextReviewLanguageCount",
                "count": 2,
                "isoLanguageCode": "lt"
            },
            {
                "__typename": "TextReviewLanguageCount",
                "count": 2,
                "isoLanguageCode": "id"
            },
            {
                "__typename": "TextReviewLanguageCount",
                "count": 1,
                "isoLanguageCode": "hu"
            },
            {
                "__typename": "TextReviewLanguageCount",
                "count": 1,
                "isoLanguageCode": "tl"
            }
        ]
    },
    "quotes({\"pagination\":{\"limit\":1}})": {
        "__typename": "ResourceQuotesConnection",
        "webUrl": "https://www.goodreads.com/work/quotes/189503",
        "totalCount": 111
    },
    "questions({\"pagination\":{\"limit\":1}})": {
        "__typename": "ResourceQuestionsConnection",
        "totalCount": 13,
        "webUrl": "https://www.goodreads.com/book/52357/questions"
    },
    "topics({\"pagination\":{\"limit\":1}})": {
        "__typename": "ResourceTopicsConnection",
        "webUrl": "https://www.goodreads.com/topic/list_book/52357",
        "totalCount": 83
    },
    "viewerShelvings": [],
    "viewerShelvingsUrl": "/review/user_works/189503",
    "featuredKNH": {
        "__typename": "FeaturedKNHCollectionConnection",
        "totalCount": 0,
        "edges": []
    },
    "giveaways": null,
    "editions": {
        "__typename": "BooksConnection",
        "webUrl": "https://www.goodreads.com/work/editions/189503"
    }
}