{
    "id": "kca://author/amzn1.gr.author.v1.B4roX4Ddpe41dPxRuEiFdg",
    "__typename": "Contributor",
    "legacyId": 4699102,
    "name": "Unknown",
    "description": "Books can be attributed to \"Unknown\" when the author or editor (as applicable) is not known and cannot be discovered. If at all possible, list at least one actual author or editor for a book instead of using \"Unknown\".<br /><br />Books whose authorship is purposefully withheld should be attributed instead to Anonymous.",
    "isGrAuthor": false,
    "works": {
        "__typename": "ContributorWorksConnection",
        "totalCount": 469453
    },
    "profileImageUrl": "https://i.gr-assets.com/images/S/compressed.photo.goodreads.com/nophoto/user/u_700x933.png",
    "webUrl": "https://www.goodreads.com/author/show/4699102.Unknown",
    "user": null,
    "viewerIsFollowing": null,
    "followers": {
        "__typename": "ContributorFollowersConnection",
        "totalCount": 3142
    }
}