legacyId,name,description,webUrl
4739,Murasaki Shikibu,"born perhaps 978<br />died perhaps 1031<br />Japanese: <a href=""https://www.goodreads.com/author/show/880790.___"" title=""紫式部"" rel=""nofollow noopener"">紫式部</a><br /><br /><i>
  <a href=""https://www.goodreads.com/book/show/7042.The_Tale_of_Genji"" title=""The Tale of Genji"" rel=""nofollow noopener"">The Tale of Genji</a>
</i> among the first examples of the novel as a literary form of Japanese writer Baroness <b>Murasaki Shikibu</b> greatly influenced later fiction.<br /><br />People in English sometimes knew Murasaki Shikibu, a lady, a poet, and a maid of honor of the imperial court during the period of Heian. People best knew this earliest and most famous author between 1000 and 1008 in human history. Some scholars postulated Fujiwara Takako as her unknown, real, actual, given name. Her diary states that after a character, court nicknamed her ""Murasaki,"" purple wisteria blossom."" <br />""Shikibu"" refers to position of her father in the bureau of ceremony. <br /><br /><a target=""_blank"" rel=""noopener nofollow"" href=""https://en.wikipedia.org/wiki/Murasaki_Shikibu"">https://en.wikipedia.org/wiki/Murasak...</a><br />",https://www.goodreads.com/author/show/4739.Murasaki_Shikibu
,Richard Bowring,,https://www.goodreads.com/author/show/4746.Richard_Bowring
