{
    "id": "kca://work/amzn1.gr.work.v1.ZpE_nQBbxTiVwFMv_IU3kw",
    "__typename": "Work",
    "legacyId": 111499,
    "bestBook": {
        "__ref": "Book:kca://book/amzn1.gr.book.v1.V-e9G5C8lbDFcSZFvw3POg"
    },
    "choiceAwards": [],
    "details": {
        "__typename": "WorkDetails",
        "webUrl": "https://www.goodreads.com/work/111499-murasaki-shikibu-nikki",
        "shelvesUrl": "https://www.goodreads.com/work/shelves/111499-murasaki-shikibu-nikki",
        "publicationTime": -30294662400000,
        "originalTitle": "\u7d2b\u5f0f\u90e8\u65e5\u8a18 [Murasaki Shikibu Nikki]",
        "awardsWon": [],
        "places": [],
        "characters": [
            {
                "__typename": "Character",
                "name": "Murasaki Shikibu",
                "webUrl": "https://www.goodreads.com/characters/1017612-murasaki-shikibu"
            },
            {
                "__typename": "Character",
                "name": "Fujiwara no Michinaga",
                "webUrl": "https://www.goodreads.com/characters/1017613-fujiwara-no-michinaga"
            }
        ]
    },
    "stats": {
        "__typename": "BookOrWorkStats",
        "averageRating": 3.8,
        "ratingsCount": 2037,
        "ratingsCountDist": [
            29,
            124,
            618,
            715,
            551
        ],
        "textReviewsCount": 206,
        "textReviewsLanguageCounts": [
            {
                "__typename": "TextReviewLanguageCount",
                "count": 144,
                "isoLanguageCode": "en"
            },
            {
                "__typename": "TextReviewLanguageCount",
                "count": 1,
                "isoLanguageCode": "sv"
            },
            {
                "__typename": "TextReviewLanguageCount",
                "count": 7,
                "isoLanguageCode": "it"
            },
            {
                "__typename": "TextReviewLanguageCount",
                "count": 25,
                "isoLanguageCode": "es"
            },
            {
                "__typename": "TextReviewLanguageCount",
                "count": 21,
                "isoLanguageCode": "tr"
            },
            {
                "__typename": "TextReviewLanguageCount",
                "count": 1,
                "isoLanguageCode": "la"
            },
            {
                "__typename": "TextReviewLanguageCount",
                "count": 1,
                "isoLanguageCode": "pt"
            }
        ]
    },
    "quotes({\"pagination\":{\"limit\":1}})": {
        "__typename": "ResourceQuotesConnection",
        "webUrl": "https://www.goodreads.com/work/quotes/111499",
        "totalCount": 6
    },
    "questions({\"pagination\":{\"limit\":1}})": {
        "__typename": "ResourceQuestionsConnection",
        "totalCount": 0,
        "webUrl": "https://www.goodreads.com/book/115776/questions"
    },
    "topics({\"pagination\":{\"limit\":1}})": {
        "__typename": "ResourceTopicsConnection",
        "webUrl": "https://www.goodreads.com/topic/list_book/115776",
        "totalCount": 1
    },
    "viewerShelvings": [],
    "viewerShelvingsUrl": "/review/user_works/111499",
    "featuredKNH": {
        "__typename": "FeaturedKNHCollectionConnection",
        "totalCount": 0,
        "edges": []
    },
    "giveaways": null,
    "editions": {
        "__typename": "BooksConnection",
        "webUrl": "https://www.goodreads.com/work/editions/111499"
    }
}