{
    "id": "kca://author/amzn1.gr.author.v1.ozF-4sel5vf8XETHS0N9VQ",
    "__typename": "Contributor",
    "legacyId": 3447,
    "name": "Ken Follett",
    "description": "Ken Follett is one of the world\u2019s most successful authors. Over 170 million copies of the 36 books he has written have been sold in over 80 countries and in 33 languages.<br /><br />Born on June 5th, 1949 in Cardiff, Wales, the son of a tax inspector, Ken was educated at state schools and went on to graduate from University College, London, with an Honours degree in Philosophy \u2013 later to be made a Fellow of the College in 1995.<br /><br />He started his career as a reporter, first with his hometown newspaper the South Wales Echo and then with the London Evening News. Subsequently, he worked for a small London publishing house, Everest Books, eventually becoming Deputy Managing Director.<br /><br />Ken\u2019s first major success came with the publication of Eye of the Needle in 1978. A World War II thriller set in England, this book earned him the 1979 Edgar Award for Best Novel from the Mystery Writers of America. It remains one of Ken\u2019s most popular books.<br /><br />In 1989, Ken\u2019s epic novel about the building of a medieval cathedral, The Pillars of the Earth, was published. It reached number one on best-seller lists everywhere and was turned into a major television series produced by Ridley Scott, which aired in 2010. World Without End, the sequel to The Pillars of the Earth, proved equally popular when it was published in 2007.<br /><br />Ken\u2019s new book, The Evening and the Morning, will be published in September 2020. It is a prequel to The Pillars of the Earth and is set around the year 1,000, when Kingsbridge was an Anglo-Saxon settlement threatened by Viking invaders.<br /><br />Ken has been active in numerous literacy charities and was president of Dyslexia Action for ten years. He was chair of the National Year of Reading, a joint initiative between government and businesses. He is also active in many Stevenage charities and is President of the Stevenage Community Trust and Patron of Home-Start Hertfordshire.<br /><br />Ken, who loves music almost as much as he loves books, is an enthusiastic bass guitar player. He lives in Stevenage, Hertfordshire, with his wife Barbara, the former Labour Member of Parliament for Stevenage. Between them they have five children, six grandchildren and two Labradors.",
    "isGrAuthor": true,
    "works": {
        "__typename": "ContributorWorksConnection",
        "totalCount": 457
    },
    "profileImageUrl": "https://i.gr-assets.com/images/S/compressed.photo.goodreads.com/authors/1604049089i/3447._UX200_CR0,25,200,200_.jpg",
    "webUrl": "https://www.goodreads.com/author/show/3447.Ken_Follett",
    "user": {
        "__ref": "User:16260060"
    },
    "viewerIsFollowing": null,
    "followers": {
        "__typename": "ContributorFollowersConnection",
        "totalCount": 56368
    }
}