{
    "id": "kca://work/amzn1.gr.work.v2.7e8a676e-5199-4b99-b194-6f4fd47bec1b",
    "__typename": "Work",
    "legacyId": 73816656,
    "bestBook": {
        "__ref": "Book:kca://book/amzn1.gr.book.v3.Kzdq_AA4bYu7pjb8"
    },
    "choiceAwards": [
        {
            "__typename": "Award",
            "awardedAt": 2020,
            "category": "Readers' Favorite Historical Fiction",
            "designation": "NOMINEE",
            "webUrl": "https://www.goodreads.com/choiceawards/best-historical-fiction-books-2020"
        }
    ],
    "details": {
        "__typename": "WorkDetails",
        "webUrl": "https://www.goodreads.com/work/73816656-the-evening-and-the-morning",
        "shelvesUrl": "https://www.goodreads.com/work/shelves/73816656-the-evening-and-the-morning",
        "publicationTime": 1600153200000,
        "originalTitle": "The Evening and the Morning",
        "awardsWon": [
            {
                "__typename": "Award",
                "name": "Goodreads Choice Award",
                "webUrl": "https://www.goodreads.com/award/show/21332-goodreads-choice-award",
                "awardedAt": 1577865600000,
                "category": "Historical Fiction",
                "designation": "NOMINEE"
            },
            {
                "__typename": "Award",
                "name": "LovelyBooks Leserpreis",
                "webUrl": "https://www.goodreads.com/award/show/35052-lovelybooks-leserpreis",
                "awardedAt": 1577865600000,
                "category": "Historische Romane",
                "designation": "WINNER"
            }
        ],
        "places": [
            {
                "__typename": "Places",
                "name": "Shiring",
                "countryName": null,
                "webUrl": "https://www.goodreads.com/places/506937-shiring",
                "year": 997
            },
            {
                "__typename": "Places",
                "name": "Combe",
                "countryName": null,
                "webUrl": "https://www.goodreads.com/places/506938-combe",
                "year": 997
            },
            {
                "__typename": "Places",
                "name": "Dreng's Ferry",
                "countryName": null,
                "webUrl": "https://www.goodreads.com/places/506939-dreng-s-ferry",
                "year": 997
            },
            {
                "__typename": "Places",
                "name": "Cherbourg",
                "countryName": "France",
                "webUrl": "https://www.goodreads.com/places/6547-cherbourg",
                "year": 997
            }
        ],
        "characters": [
            {
                "__typename": "Character",
                "name": "Edgar the Builder",
                "webUrl": "https://www.goodreads.com/characters/1038134-edgar-the-builder"
            }
        ]
    },
    "stats": {
        "__typename": "BookOrWorkStats",
        "averageRating": 4.39,
        "ratingsCount": 122100,
        "ratingsCountDist": [
            1027,
            2215,
            11912,
            39896,
            67050
        ],
        "textReviewsCount": 8862,
        "textReviewsLanguageCounts": [
            {
                "__typename": "TextReviewLanguageCount",
                "count": 7413,
                "isoLanguageCode": "en"
            },
            {
                "__typename": "TextReviewLanguageCount",
                "count": 12,
                "isoLanguageCode": "sv"
            },
            {
                "__typename": "TextReviewLanguageCount",
                "count": 10,
                "isoLanguageCode": "no"
            },
            {
                "__typename": "TextReviewLanguageCount",
                "count": 82,
                "isoLanguageCode": "pt"
            },
            {
                "__typename": "TextReviewLanguageCount",
                "count": 504,
                "isoLanguageCode": "es"
            },
            {
                "__typename": "TextReviewLanguageCount",
                "count": 72,
                "isoLanguageCode": "de"
            },
            {
                "__typename": "TextReviewLanguageCount",
                "count": 70,
                "isoLanguageCode": "nl"
            },
            {
                "__typename": "TextReviewLanguageCount",
                "count": 219,
                "isoLanguageCode": "it"
            },
            {
                "__typename": "TextReviewLanguageCount",
                "count": 6,
                "isoLanguageCode": "fi"
            },
            {
                "__typename": "TextReviewLanguageCount",
                "count": 122,
                "isoLanguageCode": "fr"
            },
            {
                "__typename": "TextReviewLanguageCount",
                "count": 8,
                "isoLanguageCode": "sk"
            },
            {
                "__typename": "TextReviewLanguageCount",
                "count": 30,
                "isoLanguageCode": "pl"
            },
            {
                "__typename": "TextReviewLanguageCount",
                "count": 15,
                "isoLanguageCode": "ca"
            },
            {
                "__typename": "TextReviewLanguageCount",
                "count": 5,
                "isoLanguageCode": "bg"
            },
            {
                "__typename": "TextReviewLanguageCount",
                "count": 17,
                "isoLanguageCode": "lt"
            },
            {
                "__typename": "TextReviewLanguageCount",
                "count": 2,
                "isoLanguageCode": "he"
            },
            {
                "__typename": "TextReviewLanguageCount",
                "count": 1,
                "isoLanguageCode": "sr"
            },
            {
                "__typename": "TextReviewLanguageCount",
                "count": 1,
                "isoLanguageCode": "lv"
            },
            {
                "__typename": "TextReviewLanguageCount",
                "count": 26,
                "isoLanguageCode": "ro"
            },
            {
                "__typename": "TextReviewLanguageCount",
                "count": 2,
                "isoLanguageCode": "et"
            },
            {
                "__typename": "TextReviewLanguageCount",
                "count": 6,
                "isoLanguageCode": "cs"
            },
            {
                "__typename": "TextReviewLanguageCount",
                "count": 22,
                "isoLanguageCode": "da"
            },
            {
                "__typename": "TextReviewLanguageCount",
                "count": 10,
                "isoLanguageCode": "el"
            },
            {
                "__typename": "TextReviewLanguageCount",
                "count": 2,
                "isoLanguageCode": "ru"
            },
            {
                "__typename": "TextReviewLanguageCount",
                "count": 2,
                "isoLanguageCode": "zh"
            },
            {
                "__typename": "TextReviewLanguageCount",
                "count": 1,
                "isoLanguageCode": "is"
            },
            {
                "__typename": "TextReviewLanguageCount",
                "count": 1,
                "isoLanguageCode": "af"
            },
            {
                "__typename": "TextReviewLanguageCount",
                "count": 3,
                "isoLanguageCode": "uk"
            },
            {
                "__typename": "TextReviewLanguageCount",
                "count": 1,
                "isoLanguageCode": "vi"
            },
            {
                "__typename": "TextReviewLanguageCount",
                "count": 1,
                "isoLanguageCode": "hu"
            }
        ]
    },
    "quotes({\"pagination\":{\"limit\":1}})": {
        "__typename": "ResourceQuotesConnection",
        "webUrl": "https://www.goodreads.com/work/quotes/73816656",
        "totalCount": 75
    },
    "questions({\"pagination\":{\"limit\":1}})": {
        "__typename": "ResourceQuestionsConnection",
        "totalCount": 41,
        "webUrl": "https://www.goodreads.com/book/49239093/questions"
    },
    "topics({\"pagination\":{\"limit\":1}})": {
        "__typename": "ResourceTopicsConnection",
        "webUrl": "https://www.goodreads.com/topic/list_book/49239093",
        "totalCount": 13
    },
    "viewerShelvings": [],
    "viewerShelvingsUrl": "/review/user_works/73816656",
    "featuredKNH": {
        "__typename": "FeaturedKNHCollectionConnection",
        "totalCount": 0,
        "edges": []
    },
    "giveaways": null,
    "editions": {
        "__typename": "BooksConnection",
        "webUrl": "https://www.goodreads.com/work/editions/73816656"
    }
}