{
    "id": "kca://work/amzn1.gr.work.v1.PkAdkyb1U64_p3L3iCdlFg",
    "__typename": "Work",
    "legacyId": 45146066,
    "bestBook": {
        "__ref": "Book:kca://book/amzn1.gr.book.v1.qZhlxD7Dxo07BWRWa316Qw"
    },
    "choiceAwards": [],
    "details": {
        "__typename": "WorkDetails",
        "webUrl": "https://www.goodreads.com/work/45146066-warriors-of-the-storm",
        "shelvesUrl": "https://www.goodreads.com/work/shelves/45146066-warriors-of-the-storm",
        "publicationTime": 1444287600000,
        "originalTitle": "Warriors of the Storm",
        "awardsWon": [],
        "places": [],
        "characters": [
            {
                "__typename": "Character",
                "name": "Alfred the Great",
                "webUrl": "https://www.goodreads.com/characters/31622-alfred-the-great"
            },
            {
                "__typename": "Character",
                "name": "Aethelflaed",
                "webUrl": "https://www.goodreads.com/characters/65863-aethelflaed"
            },
            {
                "__typename": "Character",
                "name": "Uhtred of Bebbanburg",
                "webUrl": "https://www.goodreads.com/characters/87030-uhtred-of-bebbanburg"
            }
        ]
    },
    "stats": {
        "__typename": "BookOrWorkStats",
        "averageRating": 4.42,
        "ratingsCount": 24061,
        "ratingsCountDist": [
            67,
            168,
            2051,
            9181,
            12594
        ],
        "textReviewsCount": 1141,
        "textReviewsLanguageCounts": [
            {
                "__typename": "TextReviewLanguageCount",
                "count": 24,
                "isoLanguageCode": "pt"
            },
            {
                "__typename": "TextReviewLanguageCount",
                "count": 16,
                "isoLanguageCode": "es"
            },
            {
                "__typename": "TextReviewLanguageCount",
                "count": 1024,
                "isoLanguageCode": "en"
            },
            {
                "__typename": "TextReviewLanguageCount",
                "count": 5,
                "isoLanguageCode": "de"
            },
            {
                "__typename": "TextReviewLanguageCount",
                "count": 2,
                "isoLanguageCode": "cs"
            },
            {
                "__typename": "TextReviewLanguageCount",
                "count": 1,
                "isoLanguageCode": "sk"
            },
            {
                "__typename": "TextReviewLanguageCount",
                "count": 5,
                "isoLanguageCode": "it"
            },
            {
                "__typename": "TextReviewLanguageCount",
                "count": 3,
                "isoLanguageCode": "ro"
            },
            {
                "__typename": "TextReviewLanguageCount",
                "count": 5,
                "isoLanguageCode": "pl"
            },
            {
                "__typename": "TextReviewLanguageCount",
                "count": 4,
                "isoLanguageCode": "fi"
            },
            {
                "__typename": "TextReviewLanguageCount",
                "count": 1,
                "isoLanguageCode": "bg"
            },
            {
                "__typename": "TextReviewLanguageCount",
                "count": 1,
                "isoLanguageCode": "hy"
            },
            {
                "__typename": "TextReviewLanguageCount",
                "count": 1,
                "isoLanguageCode": "el"
            },
            {
                "__typename": "TextReviewLanguageCount",
                "count": 1,
                "isoLanguageCode": "sl"
            },
            {
                "__typename": "TextReviewLanguageCount",
                "count": 1,
                "isoLanguageCode": "tr"
            },
            {
                "__typename": "TextReviewLanguageCount",
                "count": 1,
                "isoLanguageCode": "no"
            },
            {
                "__typename": "TextReviewLanguageCount",
                "count": 1,
                "isoLanguageCode": "fa"
            },
            {
                "__typename": "TextReviewLanguageCount",
                "count": 1,
                "isoLanguageCode": "sv"
            }
        ]
    },
    "quotes({\"pagination\":{\"limit\":1}})": {
        "__typename": "ResourceQuotesConnection",
        "webUrl": "https://www.goodreads.com/work/quotes/45146066",
        "totalCount": 51
    },
    "questions({\"pagination\":{\"limit\":1}})": {
        "__typename": "ResourceQuestionsConnection",
        "totalCount": 5,
        "webUrl": "https://www.goodreads.com/book/25394440/questions"
    },
    "topics({\"pagination\":{\"limit\":1}})": {
        "__typename": "ResourceTopicsConnection",
        "webUrl": "https://www.goodreads.com/topic/list_book/25394440",
        "totalCount": 4
    },
    "viewerShelvings": [],
    "viewerShelvingsUrl": "/review/user_works/45146066",
    "featuredKNH": {
        "__typename": "FeaturedKNHCollectionConnection",
        "totalCount": 0,
        "edges": []
    },
    "giveaways": null,
    "editions": {
        "__typename": "BooksConnection",
        "webUrl": "https://www.goodreads.com/work/editions/45146066"
    }
}