{
    "id": "kca://work/amzn1.gr.work.v1.-2CJ4Okn5Q13HbRh2erGuA",
    "__typename": "Work",
    "legacyId": 180382,
    "bestBook": {
        "__ref": "Book:kca://book/amzn1.gr.book.v1.9qHZXEyuC4mRZ9TTg9EIsg"
    },
    "choiceAwards": [],
    "details": {
        "__typename": "WorkDetails",
        "webUrl": "https://www.goodreads.com/work/180382-kager-nikki-izumi-shikibu-nikki",
        "shelvesUrl": "https://www.goodreads.com/work/shelves/180382-kager-nikki-izumi-shikibu-nikki",
        "publicationTime": -31430649600000,
        "originalTitle": "\u873b\u86c9\u65e5\u8a18 [Kager\u014d Nikki]; \u548c\u6cc9\u5f0f\u90e8\u65e5\u8a18 [Izumi Shikibu Nikki]",
        "awardsWon": [],
        "places": [],
        "characters": []
    },
    "stats": {
        "__typename": "BookOrWorkStats",
        "averageRating": 3.76,
        "ratingsCount": 705,
        "ratingsCountDist": [
            19,
            36,
            223,
            246,
            181
        ],
        "textReviewsCount": 74,
        "textReviewsLanguageCounts": [
            {
                "__typename": "TextReviewLanguageCount",
                "count": 2,
                "isoLanguageCode": "de"
            },
            {
                "__typename": "TextReviewLanguageCount",
                "count": 65,
                "isoLanguageCode": "en"
            },
            {
                "__typename": "TextReviewLanguageCount",
                "count": 2,
                "isoLanguageCode": "es"
            },
            {
                "__typename": "TextReviewLanguageCount",
                "count": 1,
                "isoLanguageCode": "ru"
            }
        ]
    },
    "quotes({\"pagination\":{\"limit\":1}})": {
        "__typename": "ResourceQuotesConnection",
        "webUrl": "https://www.goodreads.com/work/quotes/180382",
        "totalCount": 2
    },
    "questions({\"pagination\":{\"limit\":1}})": {
        "__typename": "ResourceQuestionsConnection",
        "totalCount": 0,
        "webUrl": "https://www.goodreads.com/book/186608/questions"
    },
    "topics({\"pagination\":{\"limit\":1}})": {
        "__typename": "ResourceTopicsConnection",
        "webUrl": "https://www.goodreads.com/topic/list_book/186608",
        "totalCount": 0
    },
    "viewerShelvings": [],
    "viewerShelvingsUrl": "/review/user_works/180382",
    "featuredKNH": {
        "__typename": "FeaturedKNHCollectionConnection",
        "totalCount": 0,
        "edges": []
    },
    "giveaways": null,
    "editions": {
        "__typename": "BooksConnection",
        "webUrl": "https://www.goodreads.com/work/editions/180382"
    }
}