{
    "id": "kca://author/amzn1.gr.author.v1.e9ysx2qr2Tv4c5qfHei6Ow",
    "__typename": "Contributor",
    "legacyId": 108677,
    "name": "Michitsuna no Haha",
    "description": "Michitsuna no Haha (c.935-995) was a Heian period writer in Japan. Her true name is unknown to history. The term <i>Michitsuna no Haha</i> literally translates to <i>Michitsuna's mother</i>. She is a member of the Thirty-six Medieval Poetry Immortals (\u4e2d\u53e4\u4e09\u5341\u516d\u6b4c\u4ed9 <i>ch\u016bko sanjurokkasen</i>).<br /><br />She wrote the <i>Kager\u014d Nikki</i> about her troubled marriage to Fujiwara no Kaneie, (who served as Sessh\u014d and Kampaku,) which is a classic of Japanese literature.<br /><br />(from Wikipedia)",
    "isGrAuthor": false,
    "works": {
        "__typename": "ContributorWorksConnection",
        "totalCount": 7
    },
    "profileImageUrl": "https://i.gr-assets.com/images/S/compressed.photo.goodreads.com/authors/1490627380i/108677._UX200_CR0,47,200,200_.jpg",
    "webUrl": "https://www.goodreads.com/author/show/108677.Michitsuna_no_Haha",
    "user": null,
    "viewerIsFollowing": null,
    "followers": {
        "__typename": "ContributorFollowersConnection",
        "totalCount": 10
    }
}