{
    "id": "kca://work/amzn1.gr.work.v1.aydSloalDw4n0HnqiK1RLA",
    "__typename": "Work",
    "legacyId": 182746,
    "bestBook": {
        "__ref": "Book:kca://book/amzn1.gr.book.v1.-OxmCRQ8J-efOI042qIeeQ"
    },
    "choiceAwards": [],
    "details": {
        "__typename": "WorkDetails",
        "webUrl": "https://www.goodreads.com/work/182746",
        "shelvesUrl": "https://www.goodreads.com/work/shelves/182746",
        "publicationTime": null,
        "originalTitle": "\u4f0a\u52e2\u7269\u8a9e",
        "awardsWon": [],
        "places": [],
        "characters": []
    },
    "stats": {
        "__typename": "BookOrWorkStats",
        "averageRating": 3.9,
        "ratingsCount": 636,
        "ratingsCountDist": [
            5,
            36,
            166,
            240,
            189
        ],
        "textReviewsCount": 72,
        "textReviewsLanguageCounts": [
            {
                "__typename": "TextReviewLanguageCount",
                "count": 50,
                "isoLanguageCode": "en"
            },
            {
                "__typename": "TextReviewLanguageCount",
                "count": 14,
                "isoLanguageCode": "es"
            },
            {
                "__typename": "TextReviewLanguageCount",
                "count": 5,
                "isoLanguageCode": "it"
            },
            {
                "__typename": "TextReviewLanguageCount",
                "count": 1,
                "isoLanguageCode": "da"
            },
            {
                "__typename": "TextReviewLanguageCount",
                "count": 1,
                "isoLanguageCode": "fr"
            }
        ]
    },
    "quotes({\"pagination\":{\"limit\":1}})": {
        "__typename": "ResourceQuotesConnection",
        "webUrl": "https://www.goodreads.com/work/quotes/182746",
        "totalCount": 11
    },
    "questions({\"pagination\":{\"limit\":1}})": {
        "__typename": "ResourceQuestionsConnection",
        "totalCount": 0,
        "webUrl": "https://www.goodreads.com/book/189036/questions"
    },
    "topics({\"pagination\":{\"limit\":1}})": {
        "__typename": "ResourceTopicsConnection",
        "webUrl": "https://www.goodreads.com/topic/list_book/189036",
        "totalCount": 1
    },
    "viewerShelvings": [],
    "viewerShelvingsUrl": "/review/user_works/182746",
    "featuredKNH": {
        "__typename": "FeaturedKNHCollectionConnection",
        "totalCount": 0,
        "edges": []
    },
    "giveaways": null,
    "editions": {
        "__typename": "BooksConnection",
        "webUrl": "https://www.goodreads.com/work/editions/182746"
    }
}