{
    "id": "kca://author/amzn1.gr.author.v1.86LX8TTW5DklGE2usPCgsg",
    "__typename": "Contributor",
    "legacyId": 10983,
    "name": "Sei Sh\u014dnagon",
    "description": "\u6e05\u5c11\u7d0d\u8a00 in Japanese <br />Sei Shonagon (c. 966 -1017) was a Japanese author and a court lady who served the Empress Teishi (Sadako) around the year 1000 during the middle Heian period. She is best known as the author of \"The Pillow Book\" (\u6795\u8349\u5b50 makura no s\u014dshi).<br />",
    "isGrAuthor": false,
    "works": {
        "__typename": "ContributorWorksConnection",
        "totalCount": 51
    },
    "profileImageUrl": "https://i.gr-assets.com/images/S/compressed.photo.goodreads.com/authors/1651843306i/10983._UX200_CR0,54,200,200_.jpg",
    "webUrl": "https://www.goodreads.com/author/show/10983.Sei_Sh_nagon",
    "user": null,
    "viewerIsFollowing": null,
    "followers": {
        "__typename": "ContributorFollowersConnection",
        "totalCount": 212
    }
}