{
    "id": "kca://work/amzn1.gr.work.v1.CfaWksdDDAvrIeHSdWaNNA",
    "__typename": "Work",
    "legacyId": 639833,
    "bestBook": {
        "__ref": "Book:kca://book/amzn1.gr.book.v1.exuDy8yJWXaguCGiRY817g"
    },
    "choiceAwards": [],
    "details": {
        "__typename": "WorkDetails",
        "webUrl": "https://www.goodreads.com/work/639833-makura-no-s-shi",
        "shelvesUrl": "https://www.goodreads.com/work/shelves/639833-makura-no-s-shi",
        "publicationTime": -30547123200000,
        "originalTitle": "\u6795\u8349\u5b50 [Makura no s\u014dshi]",
        "awardsWon": [],
        "places": [],
        "characters": []
    },
    "stats": {
        "__typename": "BookOrWorkStats",
        "averageRating": 4.02,
        "ratingsCount": 9214,
        "ratingsCountDist": [
            136,
            431,
            1921,
            3379,
            3347
        ],
        "textReviewsCount": 1057,
        "textReviewsLanguageCounts": [
            {
                "__typename": "TextReviewLanguageCount",
                "count": 1,
                "isoLanguageCode": "zh"
            },
            {
                "__typename": "TextReviewLanguageCount",
                "count": 11,
                "isoLanguageCode": "et"
            },
            {
                "__typename": "TextReviewLanguageCount",
                "count": 726,
                "isoLanguageCode": "en"
            },
            {
                "__typename": "TextReviewLanguageCount",
                "count": 10,
                "isoLanguageCode": "bg"
            },
            {
                "__typename": "TextReviewLanguageCount",
                "count": 18,
                "isoLanguageCode": "fr"
            },
            {
                "__typename": "TextReviewLanguageCount",
                "count": 3,
                "isoLanguageCode": "cs"
            },
            {
                "__typename": "TextReviewLanguageCount",
                "count": 5,
                "isoLanguageCode": "ro"
            },
            {
                "__typename": "TextReviewLanguageCount",
                "count": 112,
                "isoLanguageCode": "es"
            },
            {
                "__typename": "TextReviewLanguageCount",
                "count": 20,
                "isoLanguageCode": "nl"
            },
            {
                "__typename": "TextReviewLanguageCount",
                "count": 18,
                "isoLanguageCode": "ru"
            },
            {
                "__typename": "TextReviewLanguageCount",
                "count": 4,
                "isoLanguageCode": "ca"
            },
            {
                "__typename": "TextReviewLanguageCount",
                "count": 1,
                "isoLanguageCode": "zh-TW"
            },
            {
                "__typename": "TextReviewLanguageCount",
                "count": 4,
                "isoLanguageCode": "ka"
            },
            {
                "__typename": "TextReviewLanguageCount",
                "count": 1,
                "isoLanguageCode": "no"
            },
            {
                "__typename": "TextReviewLanguageCount",
                "count": 21,
                "isoLanguageCode": "de"
            },
            {
                "__typename": "TextReviewLanguageCount",
                "count": 6,
                "isoLanguageCode": "sv"
            },
            {
                "__typename": "TextReviewLanguageCount",
                "count": 12,
                "isoLanguageCode": "pt"
            },
            {
                "__typename": "TextReviewLanguageCount",
                "count": 1,
                "isoLanguageCode": "pl"
            },
            {
                "__typename": "TextReviewLanguageCount",
                "count": 1,
                "isoLanguageCode": "sr"
            },
            {
                "__typename": "TextReviewLanguageCount",
                "count": 14,
                "isoLanguageCode": "it"
            },
            {
                "__typename": "TextReviewLanguageCount",
                "count": 4,
                "isoLanguageCode": "uk"
            },
            {
                "__typename": "TextReviewLanguageCount",
                "count": 11,
                "isoLanguageCode": "tr"
            },
            {
                "__typename": "TextReviewLanguageCount",
                "count": 5,
                "isoLanguageCode": "lt"
            },
            {
                "__typename": "TextReviewLanguageCount",
                "count": 2,
                "isoLanguageCode": "el"
            },
            {
                "__typename": "TextReviewLanguageCount",
                "count": 1,
                "isoLanguageCode": "ja"
            }
        ]
    },
    "quotes({\"pagination\":{\"limit\":1}})": {
        "__typename": "ResourceQuotesConnection",
        "webUrl": "https://www.goodreads.com/work/quotes/639833",
        "totalCount": 58
    },
    "questions({\"pagination\":{\"limit\":1}})": {
        "__typename": "ResourceQuestionsConnection",
        "totalCount": 2,
        "webUrl": "https://www.goodreads.com/book/18185/questions"
    },
    "topics({\"pagination\":{\"limit\":1}})": {
        "__typename": "ResourceTopicsConnection",
        "webUrl": "https://www.goodreads.com/topic/list_book/18185",
        "totalCount": 5
    },
    "viewerShelvings": [],
    "viewerShelvingsUrl": "/review/user_works/639833",
    "featuredKNH": {
        "__typename": "FeaturedKNHCollectionConnection",
        "totalCount": 0,
        "edges": []
    },
    "giveaways": null,
    "editions": {
        "__typename": "BooksConnection",
        "webUrl": "https://www.goodreads.com/work/editions/639833"
    }
}