{
    "id": "kca://author/amzn1.gr.author.v1.wlwi3fZJNsgRxAOMSIOIbw",
    "__typename": "Contributor",
    "legacyId": 12542,
    "name": "Bernard Cornwell",
    "description": "Cornwell was born in London in 1944. His father was a Canadian airman, and his mother, who was English, a member of the Women's Auxiliary Air Force. He was adopted and brought up in Essex by the Wiggins family, who were members of the Peculiar People, a strict Protestant sect who banned frivolity of all kinds and even medicine. After he left them, he changed his name to his birth mother's maiden name, Cornwell.<br /><br />Cornwell was sent away to Monkton Combe School, attended the University of London, and after graduating, worked as a teacher. He attempted to enlist in the British armed services at least three times but was rejected on the grounds of myopia.<br /><br />He then joined BBC's Nationwide and was promoted to become head of current affairs at BBC Northern Ireland. He then joined Thames Television as editor of Thames News. He relocated to the United States in 1980 after marrying an American. Unable to get a green card, he started writing novels, as this did not require a work permit.<br /><br />As a child, Cornwell loved the novels of C.S. Forester, chronicling the adventures of fictional British naval officer Horatio Hornblower during the Napoleonic Wars, and was surprised to find there were no such novels following Lord Wellington's campaign on land. Motivated by the need to support himself in the U.S. through writing, Cornwell decided to write such a series. He named his chief protagonist Richard Sharpe, a rifleman involved in most major battles of the Peninsular War.<br /><br />Cornwell wanted to start the series with the Siege of Badajoz but decided instead to start with a couple of \"warm-up\" novels. These were <i>Sharpe's Eagle</i> and <i>Sharpe's Gold</i>, both published in 1981. <i>Sharpe's Eagle</i> was picked up by a publisher, and Cornwell got a three-book deal. He went on to tell the story of Badajoz in his third Sharpe novel, <i>Sharpe's Company</i>, published in 1982.<br /><br />Cornwell and wife Judy co-wrote a series of novels, published under the pseudonym \"Susannah Kells\". These were <i>A Crowning Mercy</i>, published in 1983, <i>Fallen Angels</i> in 1984, and <i>Coat of Arms</i> (aka <i>The Aristocrats</i>) in 1986. (Cornwell's strict Protestant upbringing informed the background of <i>A Crowning Mercy</i>, which took place during the English Civil War.) In 1987, he also published <i>Redcoat</i>, an American Revolutionary War novel set in Philadelphia during its 1777 occupation by the British.<br /><br />After publishing eight books in his ongoing Sharpe series, Cornwell was approached by a production company interested in adapting them for television. The producers asked him to write a prequel to give them a starting point to the series. They also requested that the story feature a large role for Spanish characters to secure co-funding from Spain. The result was <i>Sharpe\u2019s Rifles</i>, published in 1987, and a series of Sharpe television films staring Sean Bean.<br /><br />A series of contemporary thrillers with sailing as a background and common themes followed: <i>Wildtrack</i> published in 1988, <i>Sea Lord</i> (aka <i>Killer's Wake</i>) in 1989, <i>Crackdown</i> in 1990, <i>Stormchild</i> in 1991, and <i>Scoundrel</i>, a political thriller, in 1992.<br /><br />In June 2006, Cornwell was made an Officer of the Order of the British Empire in the Queen's 80th Birthday Honours List.<br /><br />Cornwell's latest work, <i>Azincourt</i>, was released in the UK in October 2008. The protagonist is an archer who participates in the Battle of Agincourt, another devastating defeat suffered by the French in the Hundred Years War. However, Cornwell has stated that it will not be about Thomas of Hookton from The Grail Quest or any of his relatives.",
    "isGrAuthor": true,
    "works": {
        "__typename": "ContributorWorksConnection",
        "totalCount": 457
    },
    "profileImageUrl": "https://i.gr-assets.com/images/S/compressed.photo.goodreads.com/authors/1504578807i/12542._UX200_CR0,0,200,200_.jpg",
    "webUrl": "https://www.goodreads.com/author/show/12542.Bernard_Cornwell",
    "user": {
        "__ref": "User:26992156"
    },
    "viewerIsFollowing": null,
    "followers": {
        "__typename": "ContributorFollowersConnection",
        "totalCount": 18164
    }
}