{
    "id": "kca://work/amzn1.gr.work.v1.Qs-mhpnPXcpKcbVxST-rSA",
    "__typename": "Work",
    "legacyId": 49172708,
    "bestBook": {
        "__ref": "Book:kca://book/amzn1.gr.book.v1.-gHGZPWEhhzAjf4cyFmc7g"
    },
    "choiceAwards": [],
    "details": {
        "__typename": "WorkDetails",
        "webUrl": "https://www.goodreads.com/work/49172708-the-flame-bearer",
        "shelvesUrl": "https://www.goodreads.com/work/shelves/49172708-the-flame-bearer",
        "publicationTime": 1475737200000,
        "originalTitle": "The Flame Bearer",
        "awardsWon": [],
        "places": [],
        "characters": [
            {
                "__typename": "Character",
                "name": "Edward the Elder",
                "webUrl": "https://www.goodreads.com/characters/60906-edward-the-elder"
            },
            {
                "__typename": "Character",
                "name": "Uhtred of Bebbanburg",
                "webUrl": "https://www.goodreads.com/characters/87030-uhtred-of-bebbanburg"
            },
            {
                "__typename": "Character",
                "name": "Constantine II, King of Alba",
                "webUrl": "https://www.goodreads.com/characters/1014928-constantine-ii-king-of-alba"
            },
            {
                "__typename": "Character",
                "name": "Aethelflaed",
                "webUrl": "https://www.goodreads.com/characters/1016509-aethelflaed"
            }
        ]
    },
    "stats": {
        "__typename": "BookOrWorkStats",
        "averageRating": 4.43,
        "ratingsCount": 22727,
        "ratingsCountDist": [
            57,
            192,
            1962,
            8188,
            12328
        ],
        "textReviewsCount": 1174,
        "textReviewsLanguageCounts": [
            {
                "__typename": "TextReviewLanguageCount",
                "count": 1058,
                "isoLanguageCode": "en"
            },
            {
                "__typename": "TextReviewLanguageCount",
                "count": 26,
                "isoLanguageCode": "pt"
            },
            {
                "__typename": "TextReviewLanguageCount",
                "count": 2,
                "isoLanguageCode": "sv"
            },
            {
                "__typename": "TextReviewLanguageCount",
                "count": 1,
                "isoLanguageCode": "bg"
            },
            {
                "__typename": "TextReviewLanguageCount",
                "count": 2,
                "isoLanguageCode": "sk"
            },
            {
                "__typename": "TextReviewLanguageCount",
                "count": 1,
                "isoLanguageCode": "zh-TW"
            },
            {
                "__typename": "TextReviewLanguageCount",
                "count": 1,
                "isoLanguageCode": "sl"
            },
            {
                "__typename": "TextReviewLanguageCount",
                "count": 1,
                "isoLanguageCode": "da"
            },
            {
                "__typename": "TextReviewLanguageCount",
                "count": 15,
                "isoLanguageCode": "es"
            },
            {
                "__typename": "TextReviewLanguageCount",
                "count": 2,
                "isoLanguageCode": "cs"
            },
            {
                "__typename": "TextReviewLanguageCount",
                "count": 1,
                "isoLanguageCode": "tl"
            },
            {
                "__typename": "TextReviewLanguageCount",
                "count": 1,
                "isoLanguageCode": "no"
            },
            {
                "__typename": "TextReviewLanguageCount",
                "count": 4,
                "isoLanguageCode": "de"
            },
            {
                "__typename": "TextReviewLanguageCount",
                "count": 1,
                "isoLanguageCode": "el"
            },
            {
                "__typename": "TextReviewLanguageCount",
                "count": 3,
                "isoLanguageCode": "pl"
            },
            {
                "__typename": "TextReviewLanguageCount",
                "count": 3,
                "isoLanguageCode": "fi"
            },
            {
                "__typename": "TextReviewLanguageCount",
                "count": 4,
                "isoLanguageCode": "it"
            },
            {
                "__typename": "TextReviewLanguageCount",
                "count": 1,
                "isoLanguageCode": "is"
            },
            {
                "__typename": "TextReviewLanguageCount",
                "count": 3,
                "isoLanguageCode": "ro"
            }
        ]
    },
    "quotes({\"pagination\":{\"limit\":1}})": {
        "__typename": "ResourceQuotesConnection",
        "webUrl": "https://www.goodreads.com/work/quotes/49172708",
        "totalCount": 47
    },
    "questions({\"pagination\":{\"limit\":1}})": {
        "__typename": "ResourceQuestionsConnection",
        "totalCount": 10,
        "webUrl": "https://www.goodreads.com/book/28949218/questions"
    },
    "topics({\"pagination\":{\"limit\":1}})": {
        "__typename": "ResourceTopicsConnection",
        "webUrl": "https://www.goodreads.com/topic/list_book/28949218",
        "totalCount": 3
    },
    "viewerShelvings": [],
    "viewerShelvingsUrl": "/review/user_works/49172708",
    "featuredKNH": {
        "__typename": "FeaturedKNHCollectionConnection",
        "totalCount": 0,
        "edges": []
    },
    "giveaways": null,
    "editions": {
        "__typename": "BooksConnection",
        "webUrl": "https://www.goodreads.com/work/editions/49172708"
    }
}