{
    "id": "kca://author/amzn1.gr.author.v1.I1UgJturEmDL8ch12CxI6g",
    "__typename": "Contributor",
    "legacyId": 744576,
    "name": "Johanne Hildebrandt",
    "description": "",
    "isGrAuthor": false,
    "works": {
        "__typename": "ContributorWorksConnection",
        "totalCount": 18
    },
    "profileImageUrl": "https://i.gr-assets.com/images/S/compressed.photo.goodreads.com/nophoto/user/u_700x933.png",
    "webUrl": "https://www.goodreads.com/author/show/744576.Johanne_Hildebrandt",
    "user": null,
    "viewerIsFollowing": null,
    "followers": {
        "__typename": "ContributorFollowersConnection",
        "totalCount": 126
    }
}