{
    "id": "kca://work/amzn1.gr.work.v1.EmwhxvOHVB4xmSRHTnp8ng",
    "__typename": "Work",
    "legacyId": 42748842,
    "bestBook": {
        "__ref": "Book:kca://book/amzn1.gr.book.v1.Cxf-6gQwU23fLCFaEaeArw"
    },
    "choiceAwards": [],
    "details": {
        "__typename": "WorkDetails",
        "webUrl": "https://www.goodreads.com/work/42748842-sigrid-sagan-om-valhalla",
        "shelvesUrl": "https://www.goodreads.com/work/shelves/42748842-sigrid-sagan-om-valhalla",
        "publicationTime": 1475305200000,
        "originalTitle": "Sigrid : sagan om Valhalla ",
        "awardsWon": [],
        "places": [],
        "characters": [
            {
                "__typename": "Character",
                "name": "Olof Sk\u00f6tkonung",
                "webUrl": "https://www.goodreads.com/characters/58053-olof-sk-tkonung"
            },
            {
                "__typename": "Character",
                "name": "Eric the Victorious",
                "webUrl": "https://www.goodreads.com/characters/58054-eric-the-victorious"
            },
            {
                "__typename": "Character",
                "name": "Sigrid the Haughty",
                "webUrl": "https://www.goodreads.com/characters/1011915-sigrid-the-haughty"
            },
            {
                "__typename": "Character",
                "name": "Harald Bluetooth",
                "webUrl": "https://www.goodreads.com/characters/1011916-harald-bluetooth"
            },
            {
                "__typename": "Character",
                "name": "Styrbj\u00f6rn the Strong",
                "webUrl": "https://www.goodreads.com/characters/1011917-styrbj-rn-the-strong"
            },
            {
                "__typename": "Character",
                "name": "Olaf Tryggvason",
                "webUrl": "https://www.goodreads.com/characters/1011927-olaf-tryggvason"
            }
        ]
    },
    "stats": {
        "__typename": "BookOrWorkStats",
        "averageRating": 3.78,
        "ratingsCount": 4677,
        "ratingsCountDist": [
            135,
            335,
            1194,
            1762,
            1251
        ],
        "textReviewsCount": 350,
        "textReviewsLanguageCounts": [
            {
                "__typename": "TextReviewLanguageCount",
                "count": 17,
                "isoLanguageCode": "sv"
            },
            {
                "__typename": "TextReviewLanguageCount",
                "count": 323,
                "isoLanguageCode": "en"
            },
            {
                "__typename": "TextReviewLanguageCount",
                "count": 1,
                "isoLanguageCode": "no"
            },
            {
                "__typename": "TextReviewLanguageCount",
                "count": 1,
                "isoLanguageCode": "es"
            },
            {
                "__typename": "TextReviewLanguageCount",
                "count": 1,
                "isoLanguageCode": "da"
            },
            {
                "__typename": "TextReviewLanguageCount",
                "count": 1,
                "isoLanguageCode": "cs"
            },
            {
                "__typename": "TextReviewLanguageCount",
                "count": 1,
                "isoLanguageCode": "et"
            }
        ]
    },
    "quotes({\"pagination\":{\"limit\":1}})": {
        "__typename": "ResourceQuotesConnection",
        "webUrl": "https://www.goodreads.com/work/quotes/42748842",
        "totalCount": 4
    },
    "questions({\"pagination\":{\"limit\":1}})": {
        "__typename": "ResourceQuestionsConnection",
        "totalCount": 7,
        "webUrl": "https://www.goodreads.com/book/31136094/questions"
    },
    "topics({\"pagination\":{\"limit\":1}})": {
        "__typename": "ResourceTopicsConnection",
        "webUrl": "https://www.goodreads.com/topic/list_book/31136094",
        "totalCount": 1
    },
    "viewerShelvings": [],
    "viewerShelvingsUrl": "/review/user_works/42748842",
    "featuredKNH": {
        "__typename": "FeaturedKNHCollectionConnection",
        "totalCount": 0,
        "edges": []
    },
    "giveaways": null,
    "editions": {
        "__typename": "BooksConnection",
        "webUrl": "https://www.goodreads.com/work/editions/42748842"
    }
}