{
    "id": "kca://work/amzn1.gr.work.v3.H67-XqU6kpfV7_5-",
    "__typename": "Work",
    "legacyId": 99188417,
    "bestBook": {
        "__ref": "Book:kca://book/amzn1.gr.book.v3.GLS1qKwrU2jJnkTy"
    },
    "choiceAwards": [],
    "details": {
        "__typename": "WorkDetails",
        "webUrl": "https://www.goodreads.com/work/99188417-the-weaver-and-the-witch-queen",
        "shelvesUrl": "https://www.goodreads.com/work/shelves/99188417-the-weaver-and-the-witch-queen",
        "publicationTime": 1690268400000,
        "originalTitle": "The Weaver and the Witch Queen",
        "awardsWon": [],
        "places": [],
        "characters": []
    },
    "stats": {
        "__typename": "BookOrWorkStats",
        "averageRating": 3.86,
        "ratingsCount": 8107,
        "ratingsCountDist": [
            120,
            505,
            1918,
            3377,
            2187
        ],
        "textReviewsCount": 1329,
        "textReviewsLanguageCounts": [
            {
                "__typename": "TextReviewLanguageCount",
                "count": 1232,
                "isoLanguageCode": "en"
            },
            {
                "__typename": "TextReviewLanguageCount",
                "count": 1,
                "isoLanguageCode": "pt"
            },
            {
                "__typename": "TextReviewLanguageCount",
                "count": 18,
                "isoLanguageCode": "de"
            },
            {
                "__typename": "TextReviewLanguageCount",
                "count": 10,
                "isoLanguageCode": "fr"
            },
            {
                "__typename": "TextReviewLanguageCount",
                "count": 1,
                "isoLanguageCode": "no"
            },
            {
                "__typename": "TextReviewLanguageCount",
                "count": 2,
                "isoLanguageCode": "nl"
            },
            {
                "__typename": "TextReviewLanguageCount",
                "count": 2,
                "isoLanguageCode": "sv"
            },
            {
                "__typename": "TextReviewLanguageCount",
                "count": 1,
                "isoLanguageCode": "is"
            },
            {
                "__typename": "TextReviewLanguageCount",
                "count": 1,
                "isoLanguageCode": "it"
            }
        ]
    },
    "quotes({\"pagination\":{\"limit\":1}})": {
        "__typename": "ResourceQuotesConnection",
        "webUrl": "https://www.goodreads.com/work/quotes/99188417",
        "totalCount": 6
    },
    "questions({\"pagination\":{\"limit\":1}})": {
        "__typename": "ResourceQuestionsConnection",
        "totalCount": 2,
        "webUrl": "https://www.goodreads.com/book/63277500/questions"
    },
    "topics({\"pagination\":{\"limit\":1}})": {
        "__typename": "ResourceTopicsConnection",
        "webUrl": "https://www.goodreads.com/topic/list_book/63277500",
        "totalCount": 2
    },
    "viewerShelvings": [],
    "viewerShelvingsUrl": "/review/user_works/99188417",
    "featuredKNH": {
        "__typename": "FeaturedKNHCollectionConnection",
        "totalCount": 0,
        "edges": []
    },
    "giveaways": null,
    "editions": {
        "__typename": "BooksConnection",
        "webUrl": "https://www.goodreads.com/work/editions/99188417"
    }
}