{
    "id": "kca://author/amzn1.gr.author.v1.Fl0zLKzLjz_u_0Q8lbX3Fg",
    "__typename": "Contributor",
    "legacyId": 18360585,
    "name": "Genevieve Gornichec",
    "description": "Genevieve Gornichec very occasionally logs on here to rate a book or two. She lives in northeast Ohio, where she has been known to haunt local coffee shops and also pretend to be a tenth-century Scandinavian weaver on the weekends.<br /><br />Instagram: @gengornichec (most active)<br />Twitter: @gengornichec (updates only)<br />Facebook: <a target=\"_blank\" rel=\"noopener nofollow\" href=\"https://www.facebook.com/gengornichec\">https://www.facebook.com/gengornichec</a> (updates only)",
    "isGrAuthor": true,
    "works": {
        "__typename": "ContributorWorksConnection",
        "totalCount": 7
    },
    "profileImageUrl": "https://i.gr-assets.com/images/S/compressed.photo.goodreads.com/authors/1677853984i/18360585._UX200_CR0,50,200,200_.jpg",
    "webUrl": "https://www.goodreads.com/author/show/18360585.Genevieve_Gornichec",
    "user": {
        "__ref": "User:87961835"
    },
    "viewerIsFollowing": null,
    "followers": {
        "__typename": "ContributorFollowersConnection",
        "totalCount": 2533
    }
}