{
    "id": "kca://work/amzn1.gr.work.v1.ifXn1T-DCj_45z1zJQmQZQ",
    "__typename": "Work",
    "legacyId": 7004105,
    "bestBook": {
        "__ref": "Book:kca://book/amzn1.gr.book.v1.QY6kFNf4oQ7uz9gasmKAzA"
    },
    "choiceAwards": [],
    "details": {
        "__typename": "WorkDetails",
        "webUrl": "https://www.goodreads.com/work/7004105",
        "shelvesUrl": "https://www.goodreads.com/work/shelves/7004105",
        "publicationTime": -33103180800000,
        "originalTitle": "\u0631\u0633\u0627\u0644\u0629 ",
        "awardsWon": [],
        "places": [],
        "characters": [
            {
                "__typename": "Character",
                "name": "Ahmad ibn Fadl\u0101n",
                "webUrl": "https://www.goodreads.com/characters/577-ahmad-ibn-fadl-n"
            }
        ]
    },
    "stats": {
        "__typename": "BookOrWorkStats",
        "averageRating": 3.87,
        "ratingsCount": 2389,
        "ratingsCountDist": [
            30,
            115,
            626,
            987,
            631
        ],
        "textReviewsCount": 351,
        "textReviewsLanguageCounts": [
            {
                "__typename": "TextReviewLanguageCount",
                "count": 132,
                "isoLanguageCode": "en"
            },
            {
                "__typename": "TextReviewLanguageCount",
                "count": 7,
                "isoLanguageCode": "fa"
            },
            {
                "__typename": "TextReviewLanguageCount",
                "count": 1,
                "isoLanguageCode": "nl"
            },
            {
                "__typename": "TextReviewLanguageCount",
                "count": 1,
                "isoLanguageCode": "no"
            },
            {
                "__typename": "TextReviewLanguageCount",
                "count": 1,
                "isoLanguageCode": "cs"
            },
            {
                "__typename": "TextReviewLanguageCount",
                "count": 2,
                "isoLanguageCode": "is"
            },
            {
                "__typename": "TextReviewLanguageCount",
                "count": 1,
                "isoLanguageCode": "de"
            },
            {
                "__typename": "TextReviewLanguageCount",
                "count": 168,
                "isoLanguageCode": "ar"
            },
            {
                "__typename": "TextReviewLanguageCount",
                "count": 1,
                "isoLanguageCode": "fr"
            },
            {
                "__typename": "TextReviewLanguageCount",
                "count": 21,
                "isoLanguageCode": "tr"
            },
            {
                "__typename": "TextReviewLanguageCount",
                "count": 1,
                "isoLanguageCode": "es"
            },
            {
                "__typename": "TextReviewLanguageCount",
                "count": 1,
                "isoLanguageCode": "uk"
            },
            {
                "__typename": "TextReviewLanguageCount",
                "count": 1,
                "isoLanguageCode": "ro"
            },
            {
                "__typename": "TextReviewLanguageCount",
                "count": 5,
                "isoLanguageCode": "pt"
            },
            {
                "__typename": "TextReviewLanguageCount",
                "count": 1,
                "isoLanguageCode": "ru"
            }
        ]
    },
    "quotes({\"pagination\":{\"limit\":1}})": {
        "__typename": "ResourceQuotesConnection",
        "webUrl": "https://www.goodreads.com/work/quotes/7004105",
        "totalCount": 2
    },
    "questions({\"pagination\":{\"limit\":1}})": {
        "__typename": "ResourceQuestionsConnection",
        "totalCount": 2,
        "webUrl": "https://www.goodreads.com/book/11038268/questions"
    },
    "topics({\"pagination\":{\"limit\":1}})": {
        "__typename": "ResourceTopicsConnection",
        "webUrl": "https://www.goodreads.com/topic/list_book/11038268",
        "totalCount": 0
    },
    "viewerShelvings": [],
    "viewerShelvingsUrl": "/review/user_works/7004105",
    "featuredKNH": {
        "__typename": "FeaturedKNHCollectionConnection",
        "totalCount": 0,
        "edges": []
    },
    "giveaways": null,
    "editions": {
        "__typename": "BooksConnection",
        "webUrl": "https://www.goodreads.com/work/editions/7004105"
    }
}