{
    "id": "kca://author/amzn1.gr.author.v1.TLX22tGGyQNTTYsO8ShsBg",
    "__typename": "Contributor",
    "legacyId": 49810,
    "name": "Ahmad ibn Fadl\u0101n",
    "description": "\u0647\u0648 \u0623\u062d\u0645\u062f \u0628\u0646 \u0627\u0644\u0639\u0628\u0627\u0633 \u0628\u0646 \u0631\u0627\u0634\u062f \u0628\u0646 \u062d\u0645\u0627\u062f \u0627\u0644\u0628\u063a\u062f\u0627\u062f\u064a\u060c \u0639\u0627\u0644\u0645 \u0625\u0633\u0644\u0627\u0645\u064a \u0645\u0646 \u0627\u0644\u0642\u0631\u0646 \u0627\u0644\u0639\u0627\u0634\u0631 \u0627\u0644\u0645\u064a\u0644\u0627\u062f\u064a . \u0643\u062a\u0628 \u0648\u0635\u0641 \u0631\u062d\u0644\u062a\u0647 \u0643\u0639\u0636\u0648 \u0641\u064a \u0633\u0641\u0627\u0631\u0629 \u0627\u0644\u062e\u0644\u064a\u0641\u0629 \u0627\u0644\u0639\u0628\u0627\u0633\u064a \u0625\u0644\u0649 \u0645\u0644\u0643 \u0627\u0644\u0635\u0642\u0627\u0644\u0628\u0629 (\u0628\u0644\u063a\u0627\u0631 \u0627\u0644\u0641\u0648\u0644\u062c\u0627)\u0633\u0646\u0629 921 \u0645.<br /> <br />Ahmad ibn Fadl\u0101n ibn al-Abb\u0101s ibn R\u0101\u0161id ibn Hamm\u0101d (Arabic: \u0623\u062d\u0645\u062f \u0628\u0646 \u0641\u0636\u0644\u0627\u0646 \u0628\u0646 \u0627\u0644\u0639\u0628\u0627\u0633 \u0628\u0646 \u0631\u0627\u0634\u062f \u0628\u0646 \u062d\u0645\u0627\u062f\u200e) was a 10th-century Arab traveler, famous for his account of his travels as a member of an embassy of the Abbasid Caliph of Baghdad to the king of the Volga Bulgars. His account is most known for providing a description of the Volga Vikings, including an eyewitness account of a ship burial. He provided descriptions for various other peoples, most notably Turkic peoples such as the Oghuzes, Pechenegs, Bashkirs, and Khazars.<br />",
    "isGrAuthor": false,
    "works": {
        "__typename": "ContributorWorksConnection",
        "totalCount": 11
    },
    "profileImageUrl": "https://i.gr-assets.com/images/S/compressed.photo.goodreads.com/nophoto/user/u_700x933.png",
    "webUrl": "https://www.goodreads.com/author/show/49810.Ahmad_ibn_Fadl_n",
    "user": null,
    "viewerIsFollowing": null,
    "followers": {
        "__typename": "ContributorFollowersConnection",
        "totalCount": 30
    }
}